kind,tweet_id,parent_tweet_id,parent_tweet_text,created_at,user_id,user_screen_name,text,in_reply_to_id,retweet_count,favorite_count,relevan,sentimen,emosi,intensi,aspek,alasan
retweet,1.96234897247718E+018,1.96210939897468E+018,"""Nggak usah S1, nanti kamu langsung S2 saja biar keren. Soal S1 nanti kita bikin singkat aja."" â€” oknum parpol pas mau rekrut Aurelie Moeremans

Di vidtok nya doi dispill abis2an gaes gilak ğŸ’š https://t.co/xiuwi0KFzO",Mon Sep 01 02:57:08 +0000 2025,1.27774296312099E+018,stuckcatto,"Hmch mudah sekali yh?? Monmaap ini tes cpns aja persyaratannya bejibun banget pake harus tes toefl segala trs maksimal ipk 3,0 ditambah tes SKD + wawancara dll
KEK NJIR??? MASUK 10 BESAR DI TES CPNS JUGA SUSAHNYA MINTA AMPUN?? SEDANGKAN INI??? kata gue meninggal aja deh lu pada",,0,1,iya,negatif,frustrasi,kritik,persyaratan,keluhan sulitnya tes cpns dibanding lain
tweet,1.96089392116655E+018,,,Thu Aug 28 02:35:17 +0000 2025,156244323,RatihRosadila,"Seharusnya presiden sebelum nunjuk menteri dan wamen di tes dulu lah. Minimal proses seleksinya kayak tes cpns ada administrasi, tes akademik, tes wawancara dll. Masa pegawai kemeterian pinter tapi menteri wamen t*l*l ğŸ«µğŸ«µğŸ«µ",,0,,iya,negatif,sindiran,kritik,seleksi pejabat,kritik seleksi menteri tanpa sistem tes
tweet,1.95035629046882E+018,,,Wed Jul 30 00:42:30 +0000 2025,1.80798255081786E+018,nicekocheng,"guys, adakah disini yg kalo mau tes kerja tu takut bgtt, yg takutnya sampe mual"" dan sakit kepala? ini wajar ga si? ğŸ˜­ soalnya aku suka gitu, berujung ga bisa fokus pas tes/wawancara. begitu jg pas aku tes cpns kmrn, nilai TO nya tinggi"", tp pas ujian langsung ngeblank dan",,0,1,iya,negatif,cemas,curhat,tes cpns,cerita pribadi cemas saat wawancara
commentar,1.94781911716959E+018,1.94781809178385E+018,"@DanteAlegory @bimaprawira Itulah kenapa ada yg pernah mengklarifikasikan Indo stagnan di average 78, kalo sistem pendidikan seperti ini juga majupun sepertinya akan sulit",Wed Jul 23 00:40:40 +0000 2025,1.79415066989894E+018,DanteAlegory,"@oleanderhime @bimaprawira Jadi guru biasanya cuma modal tes cpns yg ga menguji kesiapan mereka mengajar dan handle anak2. Ga ada wawancara, seleksi dosen masih lebih masuk akal karna ada wawancara. Dulu ada ribut2 di Twitter kalo ada kandidat calon dosen ngeluh ga lolos tes wawancara.",1.94781809178385E+018,0,,iya,negatif,kritik,kritik,guru,kritik sistem cpns guru tanpa wawancara
commentar,1.93533557389356E+018,1.9352891326933E+018,@PNS_Ababil Emang ada anak pejabat yg dikasih skor wawancara 100? ğŸ¤”,Wed Jun 18 13:55:32 +0000 2025,48529276,yenyali,"@e66uej @PNS_Ababil Ada, tes cpns bbrp thn lalu,  sempat heboh di X, ada pelamar dosen,  tes tulisnya ""sgt"" tinggi, kalah saat wawancara diberi nilai ""sgt"" kecil. Jika tdk salah lulusan S2 LN.",1.9352891326933E+018,0,2,iya,negatif,kecewa,kritik,wawancara,cerita pelamar dosen kalah karena wawancara subjektif
commentar,1.92940634793567E+018,1.92938039833462E+018,"Mari kita mulai tebak-tebakan, mana cipinenes yang titipan, mana yang murni ğŸ˜ŒğŸ˜Œ",Mon Jun 02 05:14:54 +0000 2025,185954115,caturtiasp,@PNS_Ababil Njir kemarin baru diceritain temen kalo ternyata cpns jalur tes juga tetep bisa disenggol sama orang titipan. Caranya nilai SKB dikatrol lewat wawancara. Ngeri euy.,1.92938039833462E+018,8,235,iya,negatif,kecewa,kritik,suap,kritik nilai wawancara bisa dikatrol
commentar,1.922058456049E+018,1.92205775715214E+018,"Eh kmrn kepikiran, kenapa kalo syarat kerja disini susah bgt sedangkan buat presiden kayaknya ngga se susah itu? Sorry kalo salah ya, tp yg gw liat di google tuh kayak cuma nyerahin berkas-berkas gitu, ngga ada syarat minimal tinggi badan, maksimal umur dll. Terus-",Mon May 12 22:37:00 +0000 2025,1.64669912992884E+018,mo_onyys,"Di banyak perusahaan pun juga ada yg mengharuskan calon karyawannya ikut tes dulu, atau kayak cpns gitu kan tesnya susah tuh. Kenapa kalo presiden ga ada tes tertulis? Atau wawancara jg? Padahal presiden kan yg mimpin satu negara, representasi negara itu, harusnya beliau pinter-",1.92205775715214E+018,0,,iya,negatif,kritik,kritik,presiden,kritik presiden tak diuji seperti cpns
retweet,1.92152992148398E+018,1.92126342717293E+018,"@ardisatriawan Gue punya ide liar, jadi seluruh ""calon"" pejabat yang sistemnya mendaftar atau mencalonkan diri, seperti DPR/DPRD/Bupati/Gubernur daaaannn terutama Presiden dan WAKIL PRESIDEN itu harus lulus tes SKD CAT dan seleksi administrasi. Agar memfilter orang bodoh.",Sun May 11 11:36:48 +0000 2025,1.54897690356176E+018,aidonker_99,"rakyat yg mau lolos CPNS aja disuruh pinter, harus lolos passing grade SKD, SKB, wawancara,, blablablabla.....
ujung2nyaHARUS TUNDUK KEPADA ORANG BODOH..
coba mereka suruh tes SKD. yakin lolos passing grade??",,0,,iya,negatif,marah,kritik,ketimpangan,sindiran pejabat bodoh vs rakyat diuji berat
retweet,1.90960746918338E+018,1.90911017740974E+018,ğŸ’š Info dong. Adakah di sini yang dapat kerja tanpa relasi?,Tue Apr 08 14:01:14 +0000 2025,1.78925137605032E+018,zura_zry,"Mau bilang tanpa relasi, tapi kayaknya kalau berkaca balik, ada timbal balik alumni almamater pas masuk kantor dulu. ğŸ˜”
Tbh, tes CPNS, terutama yg gak ada seleksi wawancara, is your best shot if you don't have orang dalam. More than biyuemen",,0,,iya,negatif,realistis,opini,relasi,opini soal relasi & keadilan cpns
commentar,1.90525783300181E+018,1.90522690627189E+018,"buat yang gagal CPNS 2024 lalu, saya mohon honest reviewnya

lebih susah belajar buat CPNS, atau lebih susah keterima kerja di luar CPNS?",Thu Mar 27 13:57:20 +0000 2025,148317182,ryapradana,"@Falkenhaynz sama2 susah, tapi lebih objektif dan transparan tes cpns hehe (konteks aing tesnya di pemda yang cuma skd dan skb, tanpa wawancara dan psikotes kaya di pusat)",1.90522690627189E+018,0,1,iya,negatif,sedih,curhat,wawancara,cerita gagal cpns karena nilai wawancara
commentar,1.90516182637312E+018,1.9043980827138E+018,"A friendly reminder:
If youâ€™ve ever been nervous in a job interview and got rejected because of it

Please show this video to anyone because this person talks like shi and still became the minister of IndonesiağŸ«¡
https://t.co/wmKelftXOT",Thu Mar 27 07:35:50 +0000 2025,851087918,96x0723,@ezash Aku ga keterima cpns gara gara tes wawancara ngomongnya kek begini nilainya jelek bngt,1.9043980827138E+018,0,,iya,negatif,kritik,kritik,menteri,kritik pejabat tak melalui seleksi objektif
retweet,1.90454749227405E+018,1.90416188562201E+018,eh the ehh indonesian um cabinet and ministry mmm lady talking in a forum nervously minister of tourism thinking hard not knowing what to say looking up and smiling https://t.co/AHwI3xJ0iS,Tue Mar 25 14:54:41 +0000 2025,779764416,oriyineol,"Harusnya sebelum jadi menteri kudu ada tes SKD SKB SKBT (LGD, wawancara psikolog, sama wawancara user) biar kayak CPNS. Kasian banget orang ikut seleksi susah2 tp kerja buat orang ehhh ummm ehhh umm begini",,0,,iya,negatif,kritik,kritik,seleksi,bandingkan kesulitan cpns vs pejabat
tweet,1.89905088603667E+018,,,Mon Mar 10 10:53:08 +0000 2025,3370001104,cakrawalasenj4,"Lebih worth it ikut cpns serptinya  dibandinf fhci dari tingkat kuota @PNS_Ababil cpns lebih banyak dan lebih transparan, cm celahnya d tes wawancara, kalo fhci kuota dikit bnyk yg kontrak dan tesnya ya bgtlah wkwkw",,0,,iya,negatif,kritik,kritik,wawancara,nilai wawancara jadi celah di cpns
commentar,1.89336667610151E+018,1.89324189699616E+018,ğŸ’š guys pendapat kalian mending CPNS atau RBB? Terus dari persaingan lebih kompetitif yang mana? Share pro and cons nya dong bestie ğŸ˜˜ https://t.co/mOClQk3jYe,Sat Feb 22 18:26:07 +0000 2025,1036618494,emangfira,@tanyakanrl menurut aku lebih transparan cpns karena ada live score-nya dan beberapa instansi nggak pakai wawancara jadi cuma 2 tahap tesnya. sedangkan rbb cukup panjang prosesnya ada tes inggris dan wawancara juga,1.89324189699616E+018,0,3,iya,negatif,sedih,empati,keadilan,buruh gagal cpns karena tinggi badan
tweet,1.89322548236535E+018,,,Sat Feb 22 09:05:04 +0000 2025,2395238000,tijabar,"LIVE ğŸ“¡ Wawancara Dengan Tri Cahyaningsih  ğŸ¥¹ğŸ¥¹ğŸ¥¹

Buruh Pabrik Peraih Nilai tertinggi Tes SKD CPNS Gagal Karena Tinggi Badan selish 0,5 Cm.",,151,341,iya,negatif,kecewa,kritik,wawancara,kritik seleksi hanya berdasar wawancara
commentar,1.89314375121809E+018,1.89313283783601E+018,"@ranranraneee_ @Biyasaaa @har15_nanggii @abdimuda_id @susipudjiastuti @ASN_UnderCover @ardisatriawan @BudiBukanIntel @kpertiwi29 @pejabrut @PNS_Ababil Rekrutmen PPPK sekarang bener-bener buruk loh, bahkan seorang penjaga sekolah/tukang kebersihan bisa jadi guru cuman gara-gara dia punya ijazah S1 dan namanya ada di dapodik",Sat Feb 22 03:40:17 +0000 2025,515227115,ranranraneee_,"@alif_djaduk @Biyasaaa @har15_nanggii @abdimuda_id @susipudjiastuti @ASN_UnderCover @ardisatriawan @BudiBukanIntel @kpertiwi29 @pejabrut @PNS_Ababil Rekruitmen yg awal setelah terakhir cpns masih oke, masih pakai tes. Yg selanjut2nya cuma berdasarkan hasil wawancara sama KS. Mirisss",1.89313283783601E+018,0,,iya,negatif,frustrasi,curhat,wawancara,sindiran dari keluarga karena lolos tanpa wawancara
commentar,1.8927670048362E+018,1.89254229250797E+018,"ğŸ’š MUAK BANGET SUMPAH, kita ini tinggal di negara apasih???? https://t.co/yY4SefTfUa",Fri Feb 21 02:43:14 +0000 2025,1.11949926098511E+018,xyzkayee,"@tanyakanrl itu dari awal udah ada minimal syarat tb bb nya, kan dia sendiri yg ambil formasi di kemenkumham. pdhal juga banyak kok formasi yg gaperlu tb bb. di formasiku kemaren malah tes cpns cuma cat aja gaada tambahan wawancara tuh",1.89254229250797E+018,0,,iya,negatif,kritik,kritik,transparansi,kritik tes wawancara tak transparan
commentar,1.89273304470168E+018,1.89243123166233E+018,,Fri Feb 21 00:28:17 +0000 2025,1.58415981168749E+018,greekgodkostas,"@PapiUcit mana yang kemarin bilang cpns sekarang transparan dan ga bisa dimanipulasi? denger ya, kalo uda tes kesehatan sama wawancara, apa skornya terpampang? apa masi transparan? ya kaga la",1.89243123166233E+018,0,,iya,negatif,kecewa,kritik,manipulasi,kritik tes tambahan jadi alat gugur
commentar,1.89253484649012E+018,1.89250121806642E+018,"Tri Cahyaningsih, seorang buruh pabrik tekstil di Ampel, Boyolali, Jawa Tengah, harus menelan kekecewaan setelah gagal menjadi Pegawai Negeri Sipil (PNS).

https://t.co/Im3AcGUnqH https://t.co/3pHfVOq5kz",Thu Feb 20 11:20:43 +0000 2025,3025201238,Joe_Richardo93,"@kompascom Tes cpns skrg gembar gembornya sj transparan, murni, dll. Tp ditambahin  rangkaian tes2 lain yg dijadikn jebakan betmen utk mengugurkan byk calon2 ygtdk punya beking. mis: tes wawancara, tes tinggi bdan, tes postur proporsional, dsb. Krn klu di tes tertulis mreka tdk bs ngakalin.",1.89250121806642E+018,0,,iya,negatif,waspada,saran,subjektivitas,peringatan hindari tes subjektif
retweet,1.89159301540524E+018,1.89141145874903E+018,"Bener gak gais?
Bantu jawab dong https://t.co/PmpHTiD7Xu",Mon Feb 17 20:58:13 +0000 2025,262624982,br0kenw0rd,Lho tmnku tes wawancara cpns lwt zoom suruh share screen sosmednya dia apa aja wkwk,,0,,iya,negatif,kritik,kritik,seleksi,kritik beratnya rangkaian tes cpns
commentar,1.8864141262616E+018,1.88626443787245E+018,"Dosen gaji 2,7 juta kurang jelata apa? Nyukupin kebutuhan anggota keluarga, masuknya golongan rawan miskin dan calon kelas menengah.

Yuk buka mata!",Mon Feb 03 13:59:10 +0000 2025,1.83048797271591E+018,GinaMonica33544,"@ikhwanuddin teman gue lulus cpns dosen thn lalu di salah satu PTNBH. Waktu belajar praktik utk tes wawancara sm gue, dia bilang gaji dosen termasuk yg rendah, tapi dia berani ambil krna ada sampingan (ortunya punya CV dan dia dihibahkan kos2an 15 kmr). 
Terlepas dr anakny rajin &amp; pintar jg",1.88626443787245E+018,0,2,iya,negatif,kritik,kritik,evaluasi,seruan evaluasi seleksi cpns 2024
tweet,1.88439558038817E+018,,,Wed Jan 29 00:18:11 +0000 2025,3322173678,DarmantoSos,"Kemenpan RB, harus sgr.evaluasi dan menganalisa hasil seleksi cpns 2024 ,yg melibatkan pihak  lain untuk ikut bergabung menyeleksi sebagian materi tambahanyg seperti tes wawancara, tes kesehatan dll krn banyak calon cpns jika di dihitung tes SKDdan SKB lulus, ternyata gagal",,0,,iya,negatif,waspada,kritik,korupsi,menyoroti potensi suap di wawancara
tweet,1.88438595252272E+018,,,Tue Jan 28 23:39:55 +0000 2025,3322173678,DarmantoSos,"Peluang besar terjadinya korupsi/penyuapan pd seleksi CPNS th 2024 adalah pd tes diluar CAT atau tes wawancara ,kesehatan dll yg dimanfaat oleh oknum penyelenggara seleksi diluar CATatau diluar SKD dan SKB",,0,,iya,negatif,kritik,kritik,reformasi,seruan hapus tes di luar cat
commentar,1.88203778895631E+018,1.88192939175386E+018,"Seru banget coy ğŸ¤£ğŸ¤£

- SS Food Challenge https://t.co/IirgLQibkI",Wed Jan 22 12:09:10 +0000 2025,8.58574733641564E+017,wsp07,"@jancooeek Kyk daftar cpns, nilai tes awal tinggi, tapi gugur di wawancara (seleksi paling akhir)",1.88192939175386E+018,0,,iya,negatif,kecewa,curhat,wawancara,cerita gagal karena komunikasi
tweet,1.88196267184906E+018,,,Wed Jan 22 07:10:40 +0000 2025,1.238603540379E+018,sasaA100x,"Keinget lagi. Dulu pas gue uts, tes cpns, ditagih tagih draft. Pas luang chat cuma di read. Skrng lagi mau tes lagi sm wawancara tbtb disuru sidkom, kan ya Allah ya robbi bgt yağŸ˜­",,0,,iya,negatif,waspada,saran,skb,saran hindari skb dengan wawancara
retweet,1.88095592067253E+018,1.88059453297225E+018,"[HINDARI INSTANSI ANGGARAN CPNS SEGINI, KLARIFIKASINYA BEGINI!!!]

Thread lanjutan ""Hindari Instansi ini Jika Kamu Mau Lolos CPNS"". Part akhir.

Tulisan ini beresiko utk saya sendiri. Kalau saya ada permintaan maaf di kemudian hari, ingatlah kasus perekam video patwal mobil RI-3* https://t.co/Itn2E14Zei",Sun Jan 19 12:30:12 +0000 2025,371120536,dwigumelar_,"Hindari CPNS yg SKB-nya ada wawancara/tes kesehatan/psikotes 
Carilah instansi yg cuma memakai CAT",,0,,iya,negatif,kecewa,cerita,skb,cerita gagal cpns karena nilai wawancara jomplang
commentar,1.88085948243737E+018,1.88059453297225E+018,"[HINDARI INSTANSI ANGGARAN CPNS SEGINI, KLARIFIKASINYA BEGINI!!!]

Thread lanjutan ""Hindari Instansi ini Jika Kamu Mau Lolos CPNS"". Part akhir.

Tulisan ini beresiko utk saya sendiri. Kalau saya ada permintaan maaf di kemudian hari, ingatlah kasus perekam video patwal mobil RI-3* https://t.co/Itn2E14Zei",Sun Jan 19 06:06:59 +0000 2025,601800962,faiz_fhcs,"@asn2025678 Sy CPNS tahun 2023 lalu juga gagal di SKB KPK karena tes wawancara yang gap nilai pesertanya jomplang banget antara 10/90 (bobot 25%) akhirnya rank Sy turun cukup drastis, dan itu cuman formasi di Direktorat Sy waktu itu :)",1.88059453297225E+018,0,12,iya,negatif,sarkas,kritik,bobot nilai,kritik bobot nilai wawancara kecil tapi pengaruh besar
commentar,1.87969915475637E+018,1.87969437743575E+018,@YourBaeBaeee me and the boysğŸ˜,Thu Jan 16 01:16:16 +0000 2025,1.2621948924716E+018,YourBaeBaeee,@korupsiwaktu Wkwkekwk mengko nk tes cpns bagian wawancara pas menunjukan skill boleh di tampilkan,1.87969437743575E+018,0,,iya,negatif,waspada,saran,ordal,saran hindari instansi ada wawancara
retweet,1.87955483381821E+018,1.87909227625918E+018,"4. Tes wawancara user dilakukan dgn presentasi &amp; dilanjut oleh sesi 3 orang penanya dengan durasi TOTAL 25 menit. Namun yg mengejutkan ada di hasil akhir. Sebaran nilai para peserta sgt lebar, berbanding terbalik dgn test TPA ğŸ˜Œ",Wed Jan 15 15:42:47 +0000 2025,3245272424,myungjage,Pernah denger kalo daftar cpns jangan yg ada tes wawancara karna rawan ordal,,0,,iya,negatif,sedih,curhat,wawancara,cerita gagal cpns karena wawancara sulit
retweet,1.8793140321986E+018,1.87912376726967E+018,Sebagian besar para peserta CPNS X tergabung dengan grup sejak awal SKD. Saya yakin instansi lain juga punya inisiatif grup serupa dgn tujuan update info. Tentu saat ini banyak isu beredar disana tp saya menahan diri utk speak up krn masih belum dapat dipertanggungjawabkan https://t.co/81UD49HnJo,Tue Jan 14 23:45:55 +0000 2025,1.43829014029252E+018,anyasideacc,"habis baca ini jadi inget dua kali wawancara di tes cpns beda instansi, yang satu ngejudge-nya ada (ditambah minus lain) yang satu adem ayem sampe 1 jam ga terasağŸ˜ƒ",,0,,iya,negatif,waspada,saran,formasi,sarankan hindari formasi dengan wawancara/fisik.
commentar,1.87915873688929E+018,1.87906823100614E+018,"work! cw/ cpns

Semoga jadi pertimbangan buat teman2 kedepan nya dalam memilih Instansi https://t.co/h6X7GGunjj",Tue Jan 14 13:28:50 +0000 2025,1.81497214213366E+018,GoodLuck441300,"@worksfess Ini udah ada sejak gue daftar cpns pertama kali di 2017, pas itu yg paling rame kejaksaan sih. Ada psikotes+tes kesehatan yg mana sifatnya menggugurkan dan ga dikasih tau parameternya apa. Jd bukan hal baru sebenernya. Gue ada wawancara tp lolos2 aja--",1.87906823100614E+018,1,16,iya,negatif,lelah,cerita,fisik,dulu instansi tes fisik ekstrem (lari siang).
commentar,1.87910792382324E+018,1.87858563741641E+018,@Casper09093 kak tanya dong kaka abis skb kalau udah lolos tuh harus tes kesehatan + kejiwaan + psikotes ga? atau kalau udah lolos skb otomatis p/l dan selanjutnya kaya cuma formalitas?,Tue Jan 14 10:06:55 +0000 2025,1.49744214494006E+018,Casper09093,@moonrooa Engga kak suamiku cpns yg CAT jadi cm skd sm skb aja testnya gada psikotest atau wawancara. Biasanya itu yg non CAT yg masih ada tes ini itu,1.87858563741641E+018,0,,iya,negatif,sinis,kritik,skor,sindir rentang nilai wawancara yang ekstrem.
commentar,1.87909613582834E+018,1.87909227625918E+018,"4. Tes wawancara user dilakukan dgn presentasi &amp; dilanjut oleh sesi 3 orang penanya dengan durasi TOTAL 25 menit. Namun yg mengejutkan ada di hasil akhir. Sebaran nilai para peserta sgt lebar, berbanding terbalik dgn test TPA ğŸ˜Œ",Tue Jan 14 09:20:05 +0000 2025,1.63914340561496E+018,asn2025678,"Emg berapa sih? Paling minim peserta dapet poin 3 dari skala 100! (Mending dapet 0 sih kalo kata saya). Dan yg paling tinggi adalah poin 100. Wow. Silakan diriset dgn tes wawancara seluruh instansi lainnya, atau bahkan tes CPNS X di tahun2 sebelumnya, dan simpulkan sendiri ğŸ˜Š https://t.co/YUCFR7g8j6",1.87909227625918E+018,5,97,iya,negatif,kecewa,permohonan,evaluasi,minta evaluasi hasil wawancara cpns 2024.
commentar,1.87898361975213E+018,1.87898361567951E+018,Terlihat jarak nilai terlampau jauh dengan peserta lainnya. Selain itu tidak ada transparansi hasil tes wawancara setelah dilaksanakannya Proses Wawancara baik sebelum dan sesudah dilaksanakannya SKB. Lanjut...,Tue Jan 14 01:52:59 +0000 2025,385927383,Vebriiann,"Dengan tidak mengurangi rasa hormat saya kepada Tim Panitia Seleksi CPNS 2024, Mohon untuk dicek dan evaluasi kembali hasil tes wawancara tersebut.  Terimakasih
#SeleksiCPNS2024
#ASNNetral",1.87898361567951E+018,0,,iya,negatif,marah,aduan,ketidakadilan,keluhkan psikotes & wawancara dianggap tak adil.
commentar,1.87847287691299E+018,1.87847287316304E+018,Merasa marah sama Allah karena Allah nggak adil. Eh ternyata aku lolos SKD guys peringkat 20 dr 24 ğŸ˜­ğŸ˜­ğŸ˜­ aku berasa ditampar sama Allah kalau ini lo kamu dikasih kesempatan sama allah pdhal aku udah jarang ibadah karena marah sama Allah. Akhirnya aku taubat dan balik solat.,Sun Jan 12 16:03:28 +0000 2025,1.0094436749319E+018,lechatnnoir,"SKB aku stress bgt karena ada micro teaching, wawancara, tes CAT. Saking stressnya aku cemas jd gk bisa belajar. Eh pas SKB ternyata aku rank 2 ğŸ˜­ğŸ˜­ğŸ˜­ aku jd ada harapan buat lolos CPNS. Alhamdulillah di akhir lolos masuk kuota dosen. Ya allah bener2 Allah tidak meninggalkan.",1.87847287316304E+018,0,2,iya,negatif,waspada,saran,cat,anjurkan pilih instansi 100% cat.
commentar,1.87540395298195E+018,1.87540193282907E+018,"@worksfess Ordal ini mah, temenku diambil karena magang di situ dan kakanya kerja duluan di sana",Sat Jan 04 04:48:40 +0000 2025,1.05398670786176E+018,elelyeah,"@linglung_f @worksfess Bener pek rata2 kalo di instansi tu kl bukan jalur cpns/p3k tu pasti ordal, kadang tu agak iri sama temen2 yg lulus langsung bisa dimasukin kerja bahkan tanpa tahap wawancara/tes, tapi ya mau gimana lagi mungkin emang itu rejekinya dia, sehat2 para pencari kerja",1.87540193282907E+018,0,4,iya,negatif,waspada,opini,ordal,wawancara rawan permainan uang.
retweet,1.8750191344442E+018,1.87429577075451E+018,"ğŸ’š di umur 25+ semakin sadar bahwa cpns adalah tes yg  objektif, fg bisa ikut tanpa harus cv bagus dan blabla. Beda swasta yg mau masuk aja susah bgt penilaian gk terbuka, penilaian cv subjetif walau katanya ada format ats dari influencer hrd tapi ttp aja belgedes ğŸ˜­",Fri Jan 03 03:19:32 +0000 2025,1.67768401702041E+018,manifestiana_,"CPNS yg tes tulis/cbt/sejenisnya memang fair. Tapi pas wawancara, ordal dimanaÂ². Permainan besarÂ²an duit ada disitu.

Gak semua, tapi cukup banyak ada",,0,1,iya,negatif,skeptis,opini,fairness,fair jika full cat. Wawancara buat bias.
retweet,1.8749065677218E+018,1.87429577075451E+018,"ğŸ’š di umur 25+ semakin sadar bahwa cpns adalah tes yg  objektif, fg bisa ikut tanpa harus cv bagus dan blabla. Beda swasta yg mau masuk aja susah bgt penilaian gk terbuka, penilaian cv subjetif walau katanya ada format ats dari influencer hrd tapi ttp aja belgedes ğŸ˜­",Thu Jan 02 19:52:14 +0000 2025,1.67753542485058E+018,haloinigitaaa,Cpns itu tes paling fair kalo lu daftar di formasi yang tahapan tesnya cuma skd skb full cat. Kalo udh pk wawancara bs brubah jd gk fair,,0,1,iya,negatif,geram,cerita,manipulasi,nilai wawancara/microteaching bisa didongkrak.
tweet,1.87481847962868E+018,,,Thu Jan 02 14:02:12 +0000 2025,1.55827527914319E+018,iluaenave,"@Lokigodofstori @tanyakanrl Bener, kata siapa internal ga bisa cawe-cawe di tes CPNS. Temenku, nilainya mepet ambang batas di setiap tes tulisnya. Begitu wawancara dan microteaching di dongkrak nilainya, terus peserta yg lain di jatuhin.
Fyi, pesaingnya bukan alumni dan kejadian ini terjadi di TOP PTN. ğŸ˜…",,0,1,iya,negatif,skeptis,opini,skb,fair selama tanpa wawancara & tes subjektif.
retweet,1.87466686633516E+018,1.87429577075451E+018,"ğŸ’š di umur 25+ semakin sadar bahwa cpns adalah tes yg  objektif, fg bisa ikut tanpa harus cv bagus dan blabla. Beda swasta yg mau masuk aja susah bgt penilaian gk terbuka, penilaian cv subjetif walau katanya ada format ats dari influencer hrd tapi ttp aja belgedes ğŸ˜­",Thu Jan 02 03:59:45 +0000 2025,1.68441010510904E+018,minchoea,"thats why gw gempur bgt CPNS tahun kmrn krn selain itu jg hari liburnya jelas, jobdesk jelas, slow jg kerjanya, murni lagi krn tes skd&amp;SKB nya CAT. agak nyesel jg si gk ambil instansi sebelah krn takyuut wawancara&amp;tes kesehatannya tp disyukuri ajğŸ¥¹",,0,,iya,negatif,sinis,opini,subjektivitas,wawancara tempat â€œbermain mataâ€.
tweet,1.86710075733117E+018,,,Thu Dec 12 06:54:44 +0000 2024,239873274,harapanrakyat_,Tes SKB Wawancara dan Keterampilan CPNS Kemenkumham Jabar 2024 Resmi Berakhir https://t.co/URxcwMfuvY,,0,,iya,negatif,putus asa,doa/curhat,peluang,"curhat penolakan kerja, harap lolos cpns."
tweet,1.8661501010955E+018,,,Mon Dec 09 15:57:10 +0000 2024,1.3760162105805E+018,itstime4changed,"udah dibilang, tes cpns itu cukup SKD SKB CAT semua, tes2 lain mah upaya ordal masuk + banyak complain. ngide sih psikotest wawancara segala ğŸ˜‚ https://t.co/p6KY1Mi1bB",,1,20,iya,negatif,sinis,kritik,wawancara,tolak tes non-cat (psikotes/wawancara) dianggap celah ordal.
tweet,1.86608763750704E+018,,,Mon Dec 09 11:48:57 +0000 2024,8.3616228572271E+017,kemenkumsumbar,"Kabar Duka, Peserta Seleksi CPNS Dapati Kabar Orang Tua Meninggal Saat Pelaksanaan Tes SKB Wawancara dan Keterampilan

#kemenkumhamri
#kumhamsumbar
Amrizal
https://t.co/uXcfIkKJZv https://t.co/CznuHqldns",,0,,iya,negatif,sedih,berita,insiden,peserta dapat kabar duka saat skb wawancara.
commentar,1.8653278255298E+018,1.86532638734073E+018,Tinggi-tinggi ya hasilnya. Kok gapermen kita bego ya padahal pi en esnya banyak yang pinter-pinter ğŸ˜ŒğŸ˜Œ,Sat Dec 07 09:29:44 +0000 2024,91628710,akanselesai,@PNS_Ababil Yang skill issue pimpinannya. Gue berani bilang begini karena tau hasil tes asesmen mereka pada jelek tetep aja diangkat jadi pejabatğŸ’€ Giliran rekrut cpns tahapannya berlapis skd skb toefl wawancara praktik kerja psikotes dll dll terus passing grade tinggi.,1.86532638734073E+018,1,14,iya,negatif,geram,kritik,kepemimpinan,kritik pimpinan vs proses cpns yang ketat.
tweet,1.86279749032125E+018,,,Sat Nov 30 09:55:05 +0000 2024,981988393,banjarbase,"Minta pendapat wal lah, aku lanjut SKB &amp; hrs tes selama 4hr (wawancara,tes fisik,psikotes) &amp; aku kerja di PT X (susah buat izin 4hr nya) &amp; misalpun bisa &amp; aku lolos di SKB, aku milih cpns &amp; resign dr situ diminta denda 70+ ğŸ˜­ kyp mnurut mu wal bingung bgt ya Tuhan ğŸ˜­",,1,7,iya,negatif,bingung,minta saran,dilema,skb 4 hari vs denda resign.
tweet,1.85563563268678E+018,,,Sun Nov 10 15:36:25 +0000 2024,1.10660832838424E+018,blackrosenf,"Kasian banget ngeliat org ikut tes CPNS. Syarat administrasi harus terpenuhi (mulai dari IPK, TOEFL, dll) + tes berkali2 mulai dari SKD, SKB, &amp; wawancara.

Tapi pemilu atau pilkada gak ada tuh syarat beginian. Sampe cawapres IP jongkok aja bsa join di kontes Pemilu.",,0,1,iya,negatif,prihatin,kritik,beban seleksi,komentari beratnya syarat cpns.
retweet,1.8528860432317E+018,1.85250847323111E+018,ğŸ’š yuk bisa yuk yang mau maju pilkada minimal di tes skd dulu dapet berapa kira2 https://t.co/5B9RAAlUVl,Sun Nov 03 01:30:32 +0000 2024,495900798,indomieseduh,Tes CPNS aja kudu melalui seleksi yg banyak rangkaiannya dari seleksi administrasi sampai tes wawancara. Ini sebagai pejabat kok keknya gampang2 aja ya bisa daftar?,,0,,iya,negatif,kesal,kritik,seleksi pejabat,bandingkan ketatnya cpns vs pejabat.
tweet,1.83882656953366E+018,,,Wed Sep 25 06:23:12 +0000 2024,1.07509010677031E+018,theluckiestboy,"raksah nggo tes skd, skb, wawancara tralala lilili indira langsung kon kerjo wae senin depan ((cpns)) gedung inspektorat kabupaten menantimu ndir

gendeng cokkk setiap tak takoni jawabane indira bener kabeh padahal wong liyo tak takoni jawabane podo aku (salah)",,0,,iya,negatif,sarkas,humor,proses,candaan soal tahapan skdâ€“wawancara cpns.
commentar,1.83706148001514E+018,1.83703112774964E+018,"@investorgabut Gue udah korban kena parkir liar + ketipu pula 
menyala mentalkuğŸ”¥
Sempet hilang arah thn lalu
Thn ini dikasi kabar hamil stl 5thn
Dan ya usaha gue ttp jg thn ini
Sementara hidup dikete suami seadany duluğŸ˜”
Lg hamil mau ikut cpns testny deket hpl jg
Jd diem aja dulu sambil ngirit",Fri Sep 20 09:29:22 +0000 2024,1.66433453260947E+018,Underworld_373,"@ezy_chan @investorgabut Kalo gaada ordal gausa msuk cpns buang2 waktu dan tenaga
- administrasi lulus âœ…
- SKD lulus âœ…
- SKB lulus âœ…
- pas Tes Kesehatan (dicari2 mines tubuh berat/tinggi badan dll) mau lulus harus kasi duit âŒ
- pas tes wawancara ada pertanyaan : ""ada surat rekomendasi dari siapa?"" âŒ",1.83703112774964E+018,0,1,iya,negatif,marah,kritik,korupsi,kritik praktik suap di wawancara & kesehatan.
commentar,1.83588473641552E+018,1.83588030887039E+018,"@wiratamiang harusnya.
kalo kemenkes / rs (hospital based)
atau univ (univ based) ga bisa bikin itu,
baru kalian getok kepala mereka.",Tue Sep 17 03:33:24 +0000 2024,1.67911037497994E+018,wiratamiang,"@ultrainsthink Mereka mau gak bikin kayak gitu? Revolusi namanya ni kalo seleksi PPDS pake metode CAT CPNS doang, gak pake tes wawancara",1.83588030887039E+018,0,,iya,negatif,sarkas,kritik,reformasi,sarkas ajukan sistem cat tanpa wawancara.
retweet,1.83225089706344E+018,1.8318687542734E+018,Nepo baby kabupaten nih bos. Yg katanya jaramg masuk kuliah. Tiba2 jdi anggota Dprd. Ngurus negara gini amat. Kayak ngajak becanda ğŸ˜‚ğŸ˜‚ https://t.co/uhHuE72M5R,Sat Sep 07 02:53:50 +0000 2024,1.30840763802423E+018,istripaktjahja,bisa ga si yg daftar ginian tu disamain kyk daftar cpns? ada tes skb skb toefl wawancara sekalian. nasibe wong liyo kok di gae guyonan terus karo sing ndue duit.,,0,,iya,negatif,frustrasi,kritik,sosial,bandingkan cpns & warga kaya yang mudah lolos.
commentar,1.83199174737709E+018,1.83155139565027E+018,"Bukti kalau kita gak bisa mengkritik, sehat2 deh pelamar cpns https://t.co/pT41M7ggiZ",Fri Sep 06 09:44:03 +0000 2024,1005252109,bekslah,"@tantikadir jadi inget pas ikut tes cpns sampe tahap akhir, pas sesi wawancara:

Me: ""saya nggak mau jadi pns, tapi ikutan cpns karena disuruh, dan menurut saya banyak yang tidak benar dalam dunia pns berdasarkan pengalaman saya menjadi vendor di kementerian.....""

to the point ke pns :))))",1.83155139565027E+018,0,,iya,negatif,kritik,opini,ketidakpuasan,cerita wawancara jujur dan kritik pns saat tes.
commentar,1.82682582425716E+018,1.82680420642837E+018,,Fri Aug 23 03:36:31 +0000 2024,84336110,kudakantor,"@RissaJayanti_ @ardisatriawan Ubah dong aturan untuk jadi CPNS biar gampang, gak usah pake tes CAT (TKP, TIU, TWK) n wawancara yg subjektif gak jelas itu, biar yg mau jd CPNS langsung masuk aja cuman gak digaji nanti hanya difasilitasi keperluan n kebutuhan nya tiap hari alias dicukupi hidupnya",1.82680420642837E+018,2,84,iya,negatif,sarkas,kritik,subjektivitas,kritik wawancara subjektif & minta dihapuskan.
tweet,1.81859450491336E+018,,,Wed Jul 31 10:28:12 +0000 2024,3265387356,mikee135,"@AegisofRos nah kl gakada wawancara, baru bisa jd opsi ini. tes cpns bahayanya memang di wawancara krn penilaiannya gak obyektif, jadi pilih instansi yg gakada wawancarağŸ˜… 

kl b*mn mah jangan ditanya mas wkwk",,0,1,iya,negatif,waspada,opini,subjektivitas,"wawancara dianggap berisiko subjektif, disarankan hindari."
commentar,1.81570710451224E+018,1.81560544275797E+018,Waktu saya kuliah S2 si Jerman ada jenis ujian yg bagus banget buat mengatasi joki. Dosen kasih kumpulan 300 soal yg gak pernah dia ganti bahkan dia kasih di awal kuliah. Dia akan kasih oral exam dan setiap mahasiswa cuma perlu jawab 3 atau 5 pertanyaan dari list itu.,Tue Jul 23 11:14:42 +0000 2024,778692608,akubukanako,"@malikarrahiem Harus ada banyak ujian2 anti joki begini sih.

Begitu juga tes CPNS
Begitu juga kalo lowongan pekerjaan, ga cukup liat ijazah &amp; wawancara doang harusnya. HRD HARUS MIKIR KEADAAN MASYARAKAT INDONESIA SKRG INI SURAM. Nilai ijazah gede belum tentu kualitas beneran gede. HARUS DITES",1.81560544275797E+018,0,1,iya,negatif,kritik,kritik,sistem rekrutmen,kritik seleksi hanya berdasar ijazah & wawancara.
commentar,1.8154955126171E+018,1.81549550932032E+018,"yang brownies bikin kerugian cukup banyak btw. gue ga cuma menghidupi diri sendiri tapi mak gue.

pengen mati juga udah sering, gapernah coba ke psikolog karena perlu duit. bisa makan dan hidup aja sukurğŸ™‚

gue juga gatau hidup gue kedepannya gimana karena usia gue juga udah-",Mon Jul 22 21:13:55 +0000 2024,1.30332112407636E+018,ohfuckinglifEE,"25 taun. mau ikut lpdp, gapunya duit buat tes ieltsnya. udah lamar sana-sini, belum ada yang nerima. ipk bagus, hampir sempurna. cpns kejaksaan gagal di tahap wawancara, udah beberapa kali gatau alasannya apa.",1.81549550932032E+018,0,,iya,negatif,sedih,kecewa,wawancara,cerita gagal wawancara cpns kejaksaan tanpa tahu sebab.
commentar,1.81324242068512E+018,1.81301540889265E+018,"@zanatul_91 Kalau di dosen (kampus) pernah kegeser sama ponakan pimpinanğŸ˜‚...

Biasa ngajar A disuruh ngajar B... ğŸ¤­",Tue Jul 16 16:00:56 +0000 2024,1.74830838518187E+018,kupinglucu,"@dosenkesmas @zanatul_91 tes cpns/p3k dosen waktu di skd nilai tertinggi, skb pas wawancara kegeser sm yg udah mengabdi juga ada ğŸ˜­ ""maaf ya, jujur saja sudah ada yg mengabdi lama di sini jadi harap maklum"" 
*fact",1.81301540889265E+018,1,3,iya,negatif,sedih,curhat,dosen,cerita wawancara dikalahkan yang sudah mengabdi.
commentar,1.81241248911795E+018,1.81231239129794E+018,,Sun Jul 14 09:03:05 +0000 2024,8.26434016614101E+017,yuliasty277,"@akirannae Kyk aku tes cpns,semua tes yg aku ikutin gagal mulu, tes trtinggi sampai wawancara dg saingan 1 org lg pun aku masih gagal krn ga punya org dalem, coz pertanyaan interviewer yg trakhir aku ga bs jawab. Pertanyaanya simple, siapa org dalem aku???",1.81231239129794E+018,0,2,iya,negatif,kecewa,curhat,ordal,cerita gagal karena â€œsiapa orang dalam?â€ di wawancara.
commentar,1.79172827083854E+018,1.79161130363248E+018,"Lapangan kerja nya minim, udah minim bersaing dengan tenaga kerja luar pula.

Udah gitu persyaratan kerja diindonesia yg seabreg dari skill, look hingga batasan usia dipersyaratkan. Belum lagi harus punya minimal pengalaman. Fresh graduate mana relate.

Ditambah banyak kecurangan dalam rekrutmen masuk kerja. Misal kayak di daerahku, ada pabrik sepatu, buat masuk ke sana jadi karyawan sana posisi biasa kek bagian ngelem, cutting dll, itu harus bayar  uang sejumlah PULUHAN JUTA biar diterima.
Jalur bersih? Bisa, tapi jgn harap diterima. Karena tim HRD nya kongkalikong sama Calo buat dapet duit.

Buka usaha? Sukar. Dan gak semua berbakat jadi pengusaha dan meskipun ada bakat gak akan semudah itu berjaya.",Sat May 18 07:11:23 +0000 2024,1.37624017837788E+018,Hyasasinn16,"@palingteguh @kegblgnunfaedh ngirim lamaran ke 80 lebih perusahaan sbg FG  (lupa detailnya brp) dipanggil wawancara 12 perusahaan, 4 sampe tahap tes, 1 keterima (kontrak cuma 6 bulan) udh ada pengalaman .
pas cari lagi, susahnya minta ampun.

yaa satuÂ² nya jalan semoga ada rezeki di CPNS.",1.79161130363248E+018,0,,iya,negatif,lelah,curhat,karier,"gagal lamar kerja, berharap cpns."
retweet,1.7848493473621E+018,1.78441858645669E+018,"Bubarkan STAN, untuk cegah birokrasi yang entrenched dan insular.

CPNS yang banyak, trainingnya jadi modelan MT Bank aja

Rakyat senang bukaan CPNS banyak, Kemenkeu senang anggaran pendidikan berkurang dan ada elemen reformasi birokrasi",Mon Apr 29 07:36:59 +0000 2024,1.39130719417645E+018,noneofurown,"Ingin birokrat yg benarÂ² berkualitas?? Hapuskan SKB wawancara dan tes kesehatan pada test CPNS di Kementerian/Lembaga. Kenapa? Adanya pertemuan orang ke orang membuat potensi terjadinya KKN . Tes Full CAT, real time, real score.",,0,1,iya,negatif,kritik,usulan,reformasi,usul hapus wawancara/kesehatan karena rawan kkn.
retweet,1.78337416530908E+018,1.78244089909368E+018,Everybodeh has been talking about their success. Can we start talking about failures? At least to cry and laugh it together.,Thu Apr 25 05:55:09 +0000 2024,1041452485,anshrymdysu,"gagal tes tesan masuk perguruan tinggi 7-8 kali *termasuk 2x sbmptn, STAN sekali, CPNS udah tahap wawancara (gagal karena pas ditanya siap ditempatkan dmn. sy jawab â€œsya mau Istikharah dlu paling pakâ€ wuehehe bodok)",,0,1,iya,negatif,menyesal,curhat,jawaban,gagal wawancara karena jawaban tidak siap.
tweet,1.7828142641826E+018,,,Tue Apr 23 16:50:18 +0000 2024,1.36347034209889E+018,sweetiesangyeon,"Cung yang gagal tes rekrutmen bumn dri th 2022 sampe 2023 stop di wawancara inggris ğŸ˜­ 
Cpns 1x 
Dan itu semua gagal ğŸ¤£

Apakah saya test p3k aja kali ya ? 
Semoga thn ini nuptk terbit ğŸ¤²",,0,,iya,negatif,sedih,curhat,wawancara,gagal di wawancara bahasa inggris rencana pppk.
commentar,1.77650557541908E+018,1.77642050257755E+018,"Gua ngelihat tren gelar pendidik ini beneran bikin orang males buat jadi dosen, mungkin kedepannya jalur yang ditempuh dok @dimasdnv bakal lebih diminati, kuliah straight langsung s3 dengan fully funded scholarship baru ngelamar jadi dosen 

Best of both world",Sat Apr 06 07:01:49 +0000 2024,1.25025439379595E+018,CumaDokter,"@ardi_tama1 @dimasdnv Tes CAT + wawancara CPNS dosen be like: hold my beer brother, anak pejabrut mw lewat dlu",1.77642050257755E+018,0,1,iya,negatif,sinis,kritik,ordal,sindir â€œanak pejabatâ€ pada tahap wawancara cpns dosen.
commentar,1.77071088958427E+018,1.77046846351522E+018,,Thu Mar 21 07:15:48 +0000 2024,1.52318971002134E+018,nabastalahere,"@rubia__12 YaAllah padahal nyari kerja aja min ipk harus 3.5, tes ini itu, wawancara dll itu juga gaji UMR kadang dibawah, cpns bumn juga tesnya susah,, lah ini anak ipk 2.3 bisa jadi wapres",1.77046846351522E+018,0,,iya,negatif,geram,kritik,perbandingan,bandingkan syarat kerja/cpns vs pejabat ipk rendah.
commentar,1.76946522810496E+018,1.76946361420393E+018,@ASN_TELADAN Kelemahan utama Kemlu mungkin cuma satu: eselonnya sangat didominasi sama lulusan universitas tertentu dari Pulau Jawa (terutama Unpad dan UGM),Sun Mar 17 20:46:00 +0000 2024,1.53615785935582E+018,zakyarin97,"@ASN_TELADAN + Seleksi CPNS yang menggunakan sistem gugur dalam Tes Kesehatan &amp; Psikiatri.

Ada seorang teman di luar Jawa daftar Diplomat 2021 lalu. Nilai SKB nya tertinggi di Provinsinya. Wawancara pun diatas 80. Gagal tembus karena TMS pada 1 dari 3 kompenen tes kesehatan-psikiatri ğŸ˜”",1.76946361420393E+018,1,3,iya,negatif,sedih,cerita,kesehatan,skb tinggi tapi tms kesehatan/psikiatri.
tweet,1.74997686604232E+018,,,Wed Jan 24 02:06:12 +0000 2024,3704082012,1212MAonTWT,"@anotherbible02 @PNS_Ababil @pnsdaerahjelata Minimal persentase wawancara harus lebih rendah daripada tes online-nya, aku ngarepin ini sih ke tes cpns. 40-60 masih bisa dikatrol sama orang dalam.",,0,,iya,negatif,skeptis,opini,bobot,harap bobot wawancara kecil karena rawan diakali.
commentar,1.74114496967778E+018,1.74108958350342E+018,,Sat Dec 30 17:11:24 +0000 2023,1.50658130401959E+018,paraxnoid_,"@Jerukni01528287 @Reswara_ @KementerianLHK bener, pernah ikut cpns di instansi yg ada wawancara. gagal krn wawancara padahal bisa lolos sampe tes skb karena nilai not bad. wawancaranya sistem gugur. capek capek belajar sampe tahap wawancara gagal, sakit hatiğŸ˜…",1.74108958350342E+018,0,,iya,negatif,kecewa,curhat,gugur,gagal di wawancara sistem gugur meski nilai baik.
commentar,1.74107383287695E+018,1.74099268480921E+018,"TWITTER, PLEASE DO YOUR MAGIC ğŸ™

[[ Indikasi Kecurangan P3K @KementerianLHK  2023 ]]

Perkenalkan, kami Yemima &amp; Bayu, peserta seleksi P3K 2023 formasi pranata humas di BKSDA Kalimantan Selatan jalur UMUM. Berikut, akan kami jelaskan indikasi kecurangan P3K BKSDA Kalsel 2023.",Sat Dec 30 12:28:44 +0000 2023,9.70907093048861E+017,Anakintrovert84,"@Reswara_ @KementerianLHK Emang sih tes wawancara agak tricky karena nilainya subjektif tergsntung ""likes or dislike"" pewawancara. Kadang dilihat juga latar belakang pendidikan, negeri atau swasta. Saya beberapa kali dikecewakan akan hasil wawancara saat CPNS yg sebelumnya.",1.74099268480921E+018,0,,iya,negatif,kecewa,kritik,subjektif,keluh hasil wawancara subjektif dan kecewa.
tweet,1.73894725207555E+018,,,Sun Dec 24 15:38:27 +0000 2023,47321860,JinoJiwan,"Di Indonesia, kecurangan pewawancara dalam memberi nilai CPNS dan Calon PPPK dosen pada saat tes microteaching dan wawancara masih dianggap biasa dan masih terjadi. Kali ini terjadi kepadaku.",,0,2,iya,negatif,kecewa,kritik,kecurangan,cerita kecurangan wawancara cpns/pppk dosen.
commentar,1.73502464988774E+018,1.73502464654488E+018,"- dengan support banyak pihak, LULUS tapi di tahun yg tepat (6) dengan IP yang YAH... (3 mepet)
- tapi coba mengadu nasib lagi di kuliah profesi, sangat dilema pas magang karena merasa: apa bisa bakal begini ke depannya....
- ujian akhir yang somehow lulus tapi penuh drama",Wed Dec 13 19:51:26 +0000 2023,53389416,veetaverse,"- COVID... dan nganggur lama 1 tahun meskipun udah tes sana sini, gagal terus di wawancara, CPNS aja nggak lolos ujian tulisnya
- udah di tahap desperate dan doa: ya Allah aku mau juga mengamalkan ilmuku tapi bukan dengan cara yg udah kuketahui saat ini",1.73502464654488E+018,0,,iya,negatif,lelah,curhat,kegagalan,gagal wawancara dan ujian tulis cpns.
commentar,1.72868600562732E+018,1.72868590042577E+018,"Recap 2023
- Setelah 10 bulan kerja, salary di tempat kerja gak naikÂ², ga sesuai janji awal, tetap underpaid + beban kerja nambah terus
-Daftar ke BUMN, ga lulus
-Memutuskan untuk resign dari tempat kerja",Sun Nov 26 08:03:55 +0000 2023,1.65444191304984E+018,sophieamundsens,"-Seneng banget lulus seleksi skolastik LPDP, tapi pas sleksi wawancara ga lulus (padahal rasanya wawancaranya lancarÂ² aja) ğŸ˜“
- Sehari setelah dapat info ga lulus LPDP, ikut tes CPNS, hasilnya ga lulus juga
-Sampai skrng udah hampir 4 bulan nganggur, belum dapat kerjaan",1.72868590042577E+018,0,,iya,negatif,sedih,curhat,gagal,gagal lpdp dan cpns  wawancara lancar tapi gagal.
retweet,1.72756346777804E+018,1.72716147847278E+018,"Tak Ada Lagi Orang Titipan Bisa Lolos CPNS!

Kini tidak ada lagi yang dapat membantu untuk meloloskan peserta tersebut. Pasalnya, tes dilakukan dengan sistem CAT. Nilai juga akan dirilis secara real time.

&gt;&gt; https://t.co/E69NH7ya8b

#detikfinance",Thu Nov 23 05:43:21 +0000 2023,1.67648911420675E+018,Khaifiljk,"Kata siapa, tes wawancara salah satu meloloskan titipan brooo, untuk diterima menjadi cpns",,0,,iya,negatif,kritik,kritik,titipan,sindiran â€œwawancara = celah titipan cpnsâ€.
retweet,1.72251374930168E+018,1.72229625431789E+018,"Dipikir2 setelah sebanyak ini kegagalan2 gede yg gua alami, gua baru sadar, ternyata gua bener2 tahan banting. https://t.co/CKVTT3GXs2",Thu Nov 09 07:17:35 +0000 2023,1.08341097989802E+018,witwiwat,"List biar inget
2015 : gagal test masuk ekdokteran UIN jakarta (jalur santri)
2019 : gak pernah lolos tes kerja
2021 : gagal test wawancara di sekolah
2021 : gagal test dosen uin
2022 : gagal kerja di IC padahal udah ngarep bgt
2023 : baru aja gagal test cpns",,0,,iya,negatif,kecewa,curhat,gagal,cerita kegagalan berulang termasuk cpns.
commentar,1.6962094838136E+018,1.69620857195507E+018,"@deulicyous @zhajoon @worksfess Dan lagi skill org2 yg cuma belajar setahun itu perlu dipertanyakan. Iya mrk emang lulus ujian tapi praktek di lapangan seringnya engga membuktikan  hasil ujian mrk. Jgn mrk yg cuma belajar setahun, yg belajar 4 tahun aja sering asal asalan klo ngajar.",Mon Aug 28 17:13:49 +0000 2023,1.64392922358391E+018,femme_cherie235,"@deulicyous @zhajoon @worksfess FYI, banyak daerah yg terkesan asal asalan saat menyeleksi guru utk tes cpns. Yg di tes cuma teori doang. Ga ada sesi microteaching dan wawancara. ğŸ¤£ğŸ¤£ ya wajarlah banyak guru sekolah yg engga berkualitas.",1.69620857195507E+018,0,,iya,negatif,kritik,kritik,seleksi,mengkritik seleksi cpns guru yang tidak berkualitas karena tanpa wawancara praktik.
commentar,1.68996226752856E+018,1.6899622630491E+018,"Info dari panitia: Verifikator berkas diamanatkan utk ketat dan teliti

Syaratnya foto berlatar merah, tp yg diupload biru, GAGAL.

Syaratnya ttd pakai tinta biru, tp malah hitam, GAGAL.

Syaratnya dokumen bermeterai, tp pakai meterai tempel gambar yg dari google, GAGAL.",Fri Aug 11 11:29:37 +0000 2023,271922617,RidhaIntifadha,"3. Tidak mengikuti perkembangan (updating) proses tes

Di angkatanku saat 2019 dulu, ada yang tidak lulus CPNS hanya karena dia tidak tahu (skip) bahwa ada proses wawancara. Padahal nilai tes SKD-nya termasuk tinggi.

Nah, sayang banget kan kagak lolos karena kurang update aja",1.6899622630491E+018,0,2,iya,negatif,penyesalan,peringatan,kelalaian,cerita gagal cpns karena tidak tahu ada wawancara.
commentar,1.6898711102619E+018,1.68983804764142E+018,"@daffrl @worksfess kalau sedang menghadapi seleksi buang jauh-jauh pemikiran seperti itu. nothing to lose aja, fokus sama hal yang ada di kendali kita. kan ada namanya kuota, tidak semua kuota diisi orang dalem, pasti ada yg murni. fokus aja sama sisa kuotanya itu. jadi berusaha semaksimal mungkin",Fri Aug 11 05:27:23 +0000 2023,2209890762,murai_reina,@greyonhair @daffrl @worksfess Justru kek gini malah dipikirkan buang buang waktu kalo secara tes aja gk adil. Keinget kasus wawancara &amp, micro teaching CPNS? Ya jatuhnya di wawancara yg jelas bgt penilaian subjektif. Yg gk punya backup seperti ortu atau uang mikir seribu kali krna kalo jatuh sapa yg nahan?,1.68983804764142E+018,0,iya,negatif,kritik,kritik,keadilan,kritik sistem seleksi tidak adil terkait wawancara.
commentar,1.6898508392158E+018,1.68955789907136E+018,"@worksfess ngapain takut nder. kalau emang punya value, ga harus ngikutin tips itu. pilihlah perusahaan yang emang bisa mensejahterakan kamu nder. jadi sebanding antara tes masuk nya susah namun yang akan kita dapat juga berkualitas",Fri Aug 11 04:06:50 +0000 2023,199126293,aldimsyarif27,"@greyonhair @worksfess Kalo ngomongin instansi berarti konteksnya tes CPNS, bukan perusahaan. Tahun 2021 emang ada beberapa kasus orang yang nilainya tinggi tapi gugur di tahap wawancara.",1.68955789907136E+018,0,1,iya,negatif,kecewa,kritik,wawancara,cerita peserta gugur meski nilai tinggi karena tahap wawancara.
commentar,1.68983161519385E+018,1.68955789907136E+018,"@worksfess ngapain takut nder. kalau emang punya value, ga harus ngikutin tips itu. pilihlah perusahaan yang emang bisa mensejahterakan kamu nder. jadi sebanding antara tes masuk nya susah namun yang akan kita dapat juga berkualitas",Fri Aug 11 02:50:27 +0000 2023,1680066366,tirtiara1,"@greyonhair @worksfess iyaa bener. jgn kan tes cpns, aku kemaren first time ikut tes yg utk pemilu itu gagal di wawancara pdhl nilai ujianku nmr 2 tertinggi. kalah sm yg nilai ujiannya 2 terbawah dan itu jarak nilainya jauh tp dia yg lolos krn dia dr dulu selalu jd anggota terpilih.",1.68955789907136E+018,0,1,iya,negatif,kecewa,cerita,wawancara,"pengalaman gagal karena kalah di wawancara, nilai ujian tinggi."
commentar,1.68445690496433E+018,1.68445641158837E+018,"Tes CPNS adalah salah satu bagian dari rekrutmen untuk menjadi pegawai negeri sipil. Jadi, ini adalah kesempatan buat teman-teman yang ingin bekerja di instansi pemerintah. Tes CPNS ini sangat kompetitif, jadi persiapkan diri dengan baik ya!",Thu Jul 27 06:53:16 +0000 2023,1.26547806744032E+018,Privatalfaiz,"Beberapa hal tentang tahapan tes CPNS, yaitu:
pertama seleksi administrasi; kedua TKD yang terdiri atas TIU, TKP &amp; TWK; ketiga TKB yaitu tes pengetahuan &amp; keterampilan sesuai bidang pekerjaan yang dipilih; keempat Tes Kesehatan dan Psikotes; terakhirÂ tesÂ Wawancara",1.68445641158837E+018,0,,iya,negatif,penyesalan,refleksi,latihan,menyesal tidak latihan fisik padahal nilai wawancara bagus.
commentar,1.68112774951012E+018,1.681127258894E+018,"@SpaceCowbo7 @szuichi @chaikamonnmyaaw @worksfess Benerr. SebelumÂ²nya aku cari tau dari kandidat yg lulus, rataÂ² diseleksi dari univ pilihan",Tue Jul 18 02:24:23 +0000 2023,1.26254440041398E+018,SpaceCowbo7,@jadisayaisi @szuichi @chaikamonnmyaaw @worksfess Skwkwk yg bener2 gk ngelihat latar belakang universitas kyknya tes cpns pemda atau kementerian yg gak ada tes wawancara. bumn lihat latar belakang kampus juga ternyatağŸ—¿ğŸ—¿,1.681127258894E+018,0,,iya,negatif,kecewa,cerita,skb,cerita gagal di skb cpns (psikologi + wawancara).
commentar,1.65657091127601E+018,1.6565709090195E+018,wow gue 24 dan gue emg kurang suka pergi sendiri kemana2. toh nyokap gue tiap ditanyain emg mau nemenin wkwkwk kl engga ya jawab engga trs gue caw aja ndiri,Thu May 11 08:04:17 +0000 2023,1.41712784439258E+018,dojaeca,"daftar cpns kmrn pun ditemenin ditungguin nyokap sm adek2 gue jg WKWK merasa bersalah lah gila apalagi pas psikotes&amp;wawancara. gue dtg jam 7 pagi trs tes segala macem &amp;wawancara, sore jam 5an baru kelarğŸ¥²ğŸ¥²",1.6565709090195E+018,0,,iya,negatif,lelah,cerita,proses,cerita panjangnya hari tes & wawancara cpns.
commentar,1.65655246691227E+018,1.65617621602891E+018,@Red44632703 @tanyakanrl Baca di storynya gini kak https://t.co/4ezy8F2y0p,Thu May 11 06:51:00 +0000 2023,1.34484254046217E+018,pluviophile171,"@niceplaceforme @Red44632703 @tanyakanrl Dulu prnah viral di twitter, seleksi cpns dosen dimanipulasi nilai wawancara sm microteachingnya, lha ini cpns guru dimanipulasi surat sehat jiwanya wkwkwk  ada ada aja emang. Harus potong generasi boomer yg gak pernah tes itu sih benernya",1.65617621602891E+018,0,1,iya,negatif,kritik,kritik,manipulasi,kritik manipulasi nilai wawancara cpns dosen.
commentar,1.65000954928028E+018,1.64939313949983E+018,,Sun Apr 23 05:31:46 +0000 2023,489240196,ciciilocal,"@tomi4r @ogiwicaksana @PNS_Garis_Lucu @PNS_Ababil Nah, aku ngalamin sih wlopun bukan tes cpns. Kalah di wawancara. Pdhal slisih cuma 0.25,tes lain aku lebih tinggi eh saingan ditinggiin di tes wawancara. Ngejar nilaiku mgkn dah me tok diselisihin 0.25 ğŸ¤£",1.64939313949983E+018,0,1,iya,negatif,kecewa,cerita,nilai,"cerita kalah di wawancara karena selisih kecil, kesal."
retweet,1.64926468674199E+018,1.64893948896466E+018,"Test cpns gampang, dan cuma orang tolol yang jadi pegawai negeri pake acara bayar. 

Ngga ada yang percaya, sampe akhirnya gue bisa lolos di test pertama gue.

4 bulan jadi cpns, cabut. Karena sejak awal purpose nya membuktikan kata kata. Eh dirujak netizen",Fri Apr 21 04:11:57 +0000 2023,95812431,ibesukoco,"2x tes CPNS lolos sampai SKB. Sampai apal soal tes dan urutanya. 2x gagal di wawancara soale kon gae boso arab karo inggris. Lha kene ngomong indonesia we medok, soyomene kon boso londo.",,0,,iya,negatif,kecewa,cerita,bahasa,cerita gagal di wawancara karena bahasa asing.
commentar,1.64920408404881E+018,1.64893948896466E+018,"Test cpns gampang, dan cuma orang tolol yang jadi pegawai negeri pake acara bayar. 

Ngga ada yang percaya, sampe akhirnya gue bisa lolos di test pertama gue.

4 bulan jadi cpns, cabut. Karena sejak awal purpose nya membuktikan kata kata. Eh dirujak netizen",Fri Apr 21 00:11:09 +0000 2023,1070886668,Be_xchloe,"@ogiwicaksana Jadi flashback oas ikut CPNS 2019

alhamdulillah lolos sampe tahap akhir

Sisa 2 orang, aku sama 1 cewe

Secara skor tes CAT,  SKD, SKB, alhamdulillah nilainya diatas lawan

Tapi kalah skor di wawancara akhir

Sumpah nyesek se-nyesek nya

Selisih poin 0,5

Kapok ga mau ikut lagi",1.64893948896466E+018,0,4,iya,negatif,kecewa,cerita,wawancara,cerita kalah di wawancara akhir cpns 2019 meski skor tinggi.
commentar,1.64919280614835E+018,1.64893948896466E+018,"Test cpns gampang, dan cuma orang tolol yang jadi pegawai negeri pake acara bayar. 

Ngga ada yang percaya, sampe akhirnya gue bisa lolos di test pertama gue.

4 bulan jadi cpns, cabut. Karena sejak awal purpose nya membuktikan kata kata. Eh dirujak netizen",Thu Apr 20 23:26:20 +0000 2023,57271817,dgnkz17,"@ogiwicaksana tidak berlaku bagi instansi yang SKB nya ada tes wawancara (khususnya cpns formasi dosen), permainan hantunya gak kira-kira ğŸ¤£",1.64893948896466E+018,0,2,iya,negatif,kritik,kritik,kkn,kritik permainan dalam tes wawancara dosen cpns.
commentar,1.6491015679903E+018,1.64893948896466E+018,"Test cpns gampang, dan cuma orang tolol yang jadi pegawai negeri pake acara bayar. 

Ngga ada yang percaya, sampe akhirnya gue bisa lolos di test pertama gue.

4 bulan jadi cpns, cabut. Karena sejak awal purpose nya membuktikan kata kata. Eh dirujak netizen",Thu Apr 20 17:23:47 +0000 2023,1.16841515614292E+018,elizabathor,@ogiwicaksana Btw waktu lo tea cpns ada proses wawancara nggak? Nah tes cpns yg ada proses wawancaranya itu yg subjektif banget. Disitu pulalah celanya untuk meloloskan org2 yg pada bayar atau titipan segala mcamnya,1.64893948896466E+018,0,,iya,negatif,kritik,kritik,suap,kritik wawancara cpns subjektif dan rawan gratifikasi.
commentar,1.64906586100376E+018,1.64906292318322E+018,"@VTragistina @ogiwicaksana @dojunji Aseli. Padahal jelas2 tabungan dia kurang untuk nutupin cicilan selama cpns karna dia merencanakan spare 1 tahun tabungan, eh ternyata cpns nya 2 tahun, sedangkan cicilan gak bisa di pending. 

Ayolah bro. Gak usah malu mengakui, fair2an aja, bukan hal yg hina kok.",Thu Apr 20 15:01:54 +0000 2023,1.52752610747365E+018,VTragistina,@loghanaja @ogiwicaksana @dojunji gue setuju sama dia soal tes cpns itu gak perlu nyogok.. tapi bangke pas baca wawancara dia di narasi sama mojok. Utk alasan yg gak ada untung ruginya aja dia sampe nipu. Apa enggak heran kita2 iniğŸ˜‚.,1.64906292318322E+018,0,5,iya,negatif,sindiran,kritik,integritas,sindir tokoh yang munafik soal wawancara cpns.
commentar,1.64903468060655E+018,1.64893948896466E+018,"Test cpns gampang, dan cuma orang tolol yang jadi pegawai negeri pake acara bayar. 

Ngga ada yang percaya, sampe akhirnya gue bisa lolos di test pertama gue.

4 bulan jadi cpns, cabut. Karena sejak awal purpose nya membuktikan kata kata. Eh dirujak netizen",Thu Apr 20 12:58:00 +0000 2023,448024293,AA_OVA,@ogiwicaksana Klo tes CPNS Jab Dosen isi Wawancara n micro teaching. Sangat kental relasi kuasa membawa peran KKN.,1.64893948896466E+018,0,,iya,negatif,kritik,kritik,relasi,kritik sistem wawancara dosen yang sarat kkn.
retweet,1.63836051168653E+018,1.63783998644696E+018,"@noviannava @KemenBUMN @fhcibumn Tes kemarin itu formalitas aja gasi ??
Sebenernya mereka tuh gabutuh karyawan baru atau mereka udah ada kandidat yang siap masuk. Tapi mereka open rekrutmen buat cairin dana sama formalitas biar program lapangan pekerjaan berjalan.

Semoga besok gaada hal aneh yaa",Wed Mar 22 02:02:39 +0000 2023,1.44159906754123E+018,ujungkelon,"jadi inget pas temen tes cpns dosen di kampus beragama, yg dilulusin dosen honorernya mereka pdhl skor tes yg macem2 itu paling kecil tp skor wawancara paling gede sendiri. jadi ngapain diadain seleksi cpns klo kandidatnya udah ada ğŸ¤£",,0,,iya,negatif,kritik,kritik,nepotisme,"kritik seleksi cpns dosen yang tidak adil, nilai wawancara dipelintir."
commentar,1.63819412530779E+018,1.63819376883391E+018,"Pernah nangis-nangis di pengumuman akhir skb cpns karena turun peringkat dan gak lolos, disaat temen kantor, adek, sepupu semua lolos tes cpns sampai akhir.",Tue Mar 21 15:01:30 +0000 2023,75357795,linnaros,"Pernah khawatir, setelah tes skb cpns 2021 karena lihat salah satu subtest nilai skb dibawah nilai pesaing lain. Khawatir takut gagal di skb wawancara.",1.63819376883391E+018,0,,iya,negatif,cemas,kekhawatiran,skb,takut gagal karena nilai wawancara lebih rendah.
commentar,1.62907346522673E+018,1.62907345973216E+018,"Dari sekian instansi yg koar2 soal integritas, instansi ini doang yg gue yakin integritasnya ga segagah yang digaungkan. 
Ngakak aja gua.",Fri Feb 24 10:59:15 +0000 2023,125333459,indhphn,"dulu tes wawancara akhir di djp gatsu terus endingnya pas pengumuman ga lolos. Kuota 30, aku masuk 30 teratas tapi yg diambil 18 orang. 

Di grup telegram cpns kemenkeu, ada tuh senior2 yg udah lulus angkatan2 tahun sebelumnya. Itungannya masih baru.",1.62907345973216E+018,0,,iya,negatif,kecewa,cerita,wawancara,cerita gagal di wawancara akhir djp meski skor tinggi.
retweet,1.62163406817684E+018,1.62137753723352E+018,"Pria berseragam ASN aniaya penjual martabak di jalan Gajah Mada, samping RS Graha Husada, Bandar Lampung; hanya karena ditegur korban agar tidak memarkir mobil di depan gerobaknya. https://t.co/PmPC0lZvJj",Fri Feb 03 22:17:45 +0000 2023,1.20110534182542E+018,roticoklatkejuh,"Dari tes CPNS berdasarkan wawancara dan TKD yg super ribet
Mending coba tes kepribadian dan attitude orang secara personal",,0,,iya,negatif,kritik,kritik,metode,kritik tes cpns yang terlalu rumit dan berbasis wawancara.
tweet,1.620303501565E+018,,,Tue Jan 31 06:10:33 +0000 2023,1.17579570592068E+018,ussls_,"cpns jangan ada tes wawancara nya dong, krna aku pasti gagalğŸ˜­",,0,,iya,negatif,frustrasi,keluhan,wawancara,ekspresi gagal di tes wawancara cpns dengan emosi sedih.
commentar,1.6201978298212E+018,1.61994419488963E+018,Maaf nulisnya qunut bukan kunut. Sekedar mengingtakan..,Mon Jan 30 23:10:39 +0000 2023,1.4278358064759E+018,hari_bdl,@NUgarislucu Jadi ingat tes wawancara CPNS dosen yg dites hafalan qunut. Ampuuun gitu amat kalau sudah berkuasa. Bisa ditebak kan kementerian mana ini?,1.61994419488963E+018,0,,iya,negatif,kritik,kritik,subjektivitas,kritik pewawancara cpns dosen yang tidak relevan (hafalan doa).
commentar,1.61445579144838E+018,1.61441542409934E+018,"@item_legit Politik cpns itu mmg lbh busuk. Formasi dibuka dg tujuan angkat ordalnya. Kalo bumn, tes masuknya murni. Politik dimulai saat udh masuk, mau naik kapal mana. 
Klo d cpns no 1, sy yakin anda bs lolos tes bumn. 
Intrviewnya jg lbh fair, hnya sj ini kan oknum yg bntu jawabin soal",Sun Jan 15 02:53:50 +0000 2023,1.47980751448915E+018,gijillll,"@pluviophile171 @item_legit Maka dari itu,semisal ada tes cpns lagi,pilih instansi yg gak ada wawancaranya,,memang semua bermain di nilai wawancara,banyak yg skd skb tinggi tapi di wawancara gak keluar nilainya",1.61441542409934E+018,0,,iya,negatif,kritik,saran,strategi,sarankan pilih instansi tanpa wawancara karena nilainya krusial.
commentar,1.6055660147034E+018,1.60556100415005E+018,@ilysmlevii @ijustwannabhppy @worksfess Bener bgt lagi do the best and let Allah do the rest,Wed Dec 21 14:09:02 +0000 2022,8.79911421659632E+017,ReVeluvforRV,"@hi_bellsky @ilysmlevii @ijustwannabhppy @worksfess Mikir gini juga, cpns udah tahap ke 2 yg 3 rangkaian sekaligus, tes tulis dan psikotes bagus, pd lolos, taunya ga lolos diliat detailnya wawancara 28/100. emg tuhan tau gua gasiap gaji berkurang setengahğŸ¤£ğŸ¤£ğŸ¤£. Tapi tetep kepo, bener aja cuma panelis interview gua aja yg jeblokğŸ’©",1.60556100415005E+018,0,2,iya,negatif,kecewa,cerita,nilai,cerita gagal cpns karena nilai wawancara rendah.
commentar,1.6053352940979E+018,1.60503631104312E+018,work! kalian di tahap apa kalo gak lolos pas poses recruitment? https://t.co/abxBzGGNaZ,Tue Dec 20 22:52:14 +0000 2022,1619633839,Eriaber,"@worksfess Pas CPNS tahun lalu. Peluang ku udah gede banget. Nilai SKB dn wawancara juga bagus sayangnya aku gagal di tes kesehatan sampe"" aku gk mau ngulik bagian yg tdk sehat dimana",1.60503631104312E+018,0,,iya,negatif,kecewa,cerita,kesehatan,"cerita gagal cpns karena tes kesehatan, bukan wawancara."
commentar,1.60529096098376E+018,1.60505432199266E+018,"@worksfess Udah sampe SKB CPNS, nilai tesnya lumayan tinggi, tapi anjlok di wawancara ğŸ˜­
Pernah juga tes sebagai guru di SMA negeri, nilai tes tulisnya bagus, eh anjlok di microteaching ğŸ˜¢",Tue Dec 20 19:56:04 +0000 2022,1455410748,kennnakemi,"@koalalapo @worksfess Sama kasus nya pas tes cpns, nilai udah tinggi. Eh anjlok di wawancara. Sakit kalo dingat sih ğŸ˜­",1.60505432199266E+018,0,,iya,negatif,sedih,cerita,wawancara,cerita gagal karena nilai wawancara anjlok.
retweet,1.605189161556E+018,1.60503631104312E+018,work! kalian di tahap apa kalo gak lolos pas poses recruitment? https://t.co/abxBzGGNaZ,Tue Dec 20 13:11:33 +0000 2022,391217793,dearkittydeer,"AP1 jatuh di mcu wkwkwk padahal udah ukur baju dll, airnav ini gatau jatuhnya dimana tapi satu pewawancara gaada yg lolos, skb cpns 2x jatuh di mcu sama tes tulis, rbb1 jatuh di wawancara karna suaranya heelang wkwkwkwk, jujurly capek woy wkwkwk gagal di tahap akhir terus",,0,,iya,negatif,lelah,cerita,gagal,cerita gagal berulang di cpns dan wawancara.
commentar,1.60517684971728E+018,1.60503631104312E+018,work! kalian di tahap apa kalo gak lolos pas poses recruitment? https://t.co/abxBzGGNaZ,Tue Dec 20 12:22:38 +0000 2022,377084714,zulfikarfahmi13,"@worksfess tes cpns skd rank 1
saat tes skb malemnya begadang karena jadwal piket jaga ponpes alhasil ada beberapa menit yang ketiduran saat ngerjain
saat wawancara kasih jawaban yg kurang meyakinkan

alhasil, ga lolos di urutan kedua dengan selisih indeks yg sangat tipis",1.60503631104312E+018,0,,iya,negatif,kecewa,cerita,skb,cerita gagal cpns karena jawaban wawancara kurang meyakinkan.
commentar,1.60505432199266E+018,1.60503631104312E+018,work! kalian di tahap apa kalo gak lolos pas poses recruitment? https://t.co/abxBzGGNaZ,Tue Dec 20 04:15:45 +0000 2022,1.13082530417434E+018,koalalapo,"@worksfess Udah sampe SKB CPNS, nilai tesnya lumayan tinggi, tapi anjlok di wawancara ğŸ˜­
Pernah juga tes sebagai guru di SMA negeri, nilai tes tulisnya bagus, eh anjlok di microteaching ğŸ˜¢",1.60503631104312E+018,3,28,iya,negatif,kecewa,cerita,microteaching,cerita gagal di wawancara dan microteaching meski nilai tinggi.
tweet,1.57603889955344E+018,,,Sat Oct 01 02:38:49 +0000 2022,1.34397907324928E+018,mencarilebah,Gw uda bneran capek bgt di negeri ini. Kek org vokal buat kebaikan tu gperna dihargain mau pemerintah swasta dll. Lo liat aja brp bnyak lulusan lpdp yg hrsnya uda gausa ditanya capabilitynya tp sllu gagal di tes wawancara cpns,,0,,iya,negatif,lelah,keluhan,wawancara,keluh lulusan lpdp sering gagal di wawancara cpns.
commentar,1.57563673751824E+018,1.57539714822861E+018,"@AdiknyaJisung @bbyaniii @worksfess kalo BB emang iya ngaruh juga, saya dulu interview buat ke Jepang alasan user gak ngambil ya karena overweight padahal dari hasil psikotest sama interview selalu paling baik diantara kandidat lain",Fri Sep 30 00:00:46 +0000 2022,273808452,CaCHa_26,"@TyanBestyana @AdiknyaJisung @bbyaniii @worksfess Pernah ikut tes cpns dan udah sampai tahap wawancara , disitu panitia nanya BB aku (waktu itu BB aku 78kg T 155cm, dan emang gemuk sih)
Tp kenapa gak dari awal mereka adain tes berat badan, padahal di awal ada tes tinggi badan :')",1.57539714822861E+018,0,,iya,negatif,tidak nyaman,kritik,diskriminasi,pengalaman ditanya/diukur bb saat wawancara cpns.
tweet,1.55867553448555E+018,,,Sun Aug 14 04:43:00 +0000 2022,960773334,miskiy28,"Dulu banget, lulus SMA pernah daftar cpns. Dah tes tertulis, berikutnya tes wawancara. Eh ditanya ""ada keluarga bapak ibu atau kakak, atau saudara kerabat yg jd pns jg ga?"" Kujawab ""tidak ada, bu."" Habis itu gaada kabarnya cpns lulus atau engga yg berarti engga.",,0,,iya,negatif,kecewa,cerita,nepotisme,cerita ditanya keluarga pns saat wawancara lalu tak lolos.
retweet,1.53437161833171E+018,1.53346645214495E+018,"@AREAJULID Test cpns juga bisa pake ordal kalo udah sampe tahap wawancara. Kalo punya ortu/kerabat ordal, nilai wawancara auto &gt;90. Tapi yg lolos tahap akhir tetep sistem ranking dan rejeki. Punya ordal cuma ngebantu nilai wawancara, sisanya tetep usaha dan doa.",Wed Jun 08 03:07:55 +0000 2022,1.41351701746683E+018,BukanIly,"Gua juga dikasih tau sendiri sama yang biasa masukin, kalo tes CPNS emang tahap 1 masih jujur nyari yang nilai bagus. Tapi kalo di tahap wawancara nilainya udah ga jujur sih, jalur titipan berperan disini",,0,,iya,negatif,sinis,kritik,titipan,menyebut jalur titipan bermain di nilai wawancara.
commentar,1.51878664257185E+018,1.51878533322726E+018,"Kecurangan CPNS 2021 Dijalankan Jaringan, Bareskrim Periksa Kementerian PANRB dan BKN https://t.co/YghruF6ByO",Tue Apr 26 02:58:47 +0000 2022,51386569,manggleng,"@liputan6dotcom Nah ini ! Seharusnya lolos jadi CPNS. Masa SKD, SKB nilainya tinggi, tes wawancara nilainya drop separo ???",1.51878533322726E+018,0,,iya,negatif,protes,kritik,nilai,komentar nilai wawancara turun separuh meski skd/skb tinggi.
commentar,1.50527730355465E+018,1.50505460007995E+018,"[Askrl] kasian banget. Usaha menghianati hasil, krn org dalam. Kalo viral, bakal di tindak gk yyyyyğŸ˜Œ https://t.co/46HyENIxb4",Sat Mar 19 20:17:30 +0000 2022,109500376,mawnardani,"@Askrlfess Sama kaya saya tes CPNS Tahun 2021, SKD Tertinggi di formasi saya, SKB Cat BKN tertinggi di formasi saya, Tes wawancara gatau nilainya karena langsung di rataÂ² sama SKB cat BKN, dan saya tidak LOLOS.ğŸ˜­",1.50505460007995E+018,0,,iya,negatif,sedih,cerita,agregasi,nilai wawancara diratakan  tetap tidak lolos.
retweet,1.48375515613958E+018,1.47492500729792E+018,"Nilai kami lain dijatuhkan habis-habisan di Wawancara &amp; Micro Teaching, sementara nilai peserta dari internal kampus didongkrak bukan main.

Indikasi Manipulasi Nilai di Seleksi CPNS 2021 [Thread]

cc: @BKNgoid @Kemdikbud_RI @direktoridosen @LowonganDosen @PNS_Ababil https://t.co/psSd1Xgb73",Wed Jan 19 10:56:10 +0000 2022,186698011,Uzumaki_gels,"Inilah kenapa saat cpns lbh memilih yg pemkab/pemprov aja drpd yg ada tes wawancaranya. 

Soalnya prnh ngalami jg, waktu tes di kampus kedinasan,
Udah ikut tes tulis dan tes kebugaran peringkat masuk 100-200an dr ribuan, dan berakhir jd 100an org yg tersisihkan stlh wawancara",,0,,iya,negatif,kecewa,refleksi,wawancara,"cerita gagal setelah tahap wawancara, lebih pilih instansi tanpa wawancara."
tweet,1.47969342244109E+018,,,Sat Jan 08 05:56:17 +0000 2022,1.44411564398112E+018,Marspdmmpd,"Lulus SKD dan SKB, jatuh di Wawancara, apa Hebatnya tes Wawancara , bisa menjatuhkan SKD dan SKB...Terbaru! Inilah Kepastian BKN Soal Apakah Tes atau Pendaftaran CPNS 2022 dan PPPK Dibuka atau Tidak
 
https://t.co/Mo1Lq3lpHO lewat @tribunnews",,0,,iya,negatif,kecewa,kritik,proporsi,protes nilai wawancara menjatuhkan hasil skd/skb.
tweet,1.47934582204303E+018,,,Fri Jan 07 06:55:03 +0000 2022,7.59692754985243E+017,kumparan,"Kekuatan ""orang dalam"" bukanlah hal baru dalam tes CPNS dosen. Sudah terjadi berulang kali. Indikasi terlihat pada nilai peserta yang terlalu tinggi pada sesi wawancara dan microteaching. #userstory https://t.co/n1gcnbC8yK",,3,9,iya,negatif,kritik,kritik,nepotisme,tuduhan nilai wawancara dosen dimanipulasi karena â€œorang dalamâ€.
tweet,1.47902494383275E+018,,,Thu Jan 06 09:40:00 +0000 2022,81066525,klinikhukum,"Setelah pengumuman CPNS 2021, beberapa orang meributkan adanya dugaan manipulasi nilai tes SKB dan wawancara. Jika benar terjadi manipulasi nilai, pasal apa yang bisa menjerat perbuatan ini?https://t.co/EAxBJHdmqg",,0,5,iya,negatif,kritik,kritik,manipulasi,soroti potensi hukum manipulasi nilai wawancara cpns.
tweet,1.47614533432988E+018,,,Wed Dec 29 10:57:27 +0000 2021,2992031881,vibeondelight,"Cpns tuh ya yg digagalin bkn krena nilai, tp tes2 yg ga ketedeksi komputer yg menjadi pengunggur. Kaya wawancara or tes kesehatan. Jdi org2 nilai gede biasanya dihantem sama dua tes ini yg ga bisa disanggah.",,0,,iya,negatif,kritik,kritik,tes-manual,menilai wawancara & kesehatan jadi faktor gugur non-obyektif.
commentar,1.47613722447533E+018,1.47613185467182E+018,https://t.co/64xrLjz7JG,Wed Dec 29 10:25:14 +0000 2021,1.36784585948903E+018,sikas_purnomo,"@txtdrpemerintah Saran saya nunggu pejabat2 ampas Orde Baru habis pak... susah lawan mereka, penerimaan CPNS yg udah digital pake CAT aja diselipin tes wawancara dari unit kerja yg nggak kredibel, pertanyaan pertama: punya sodara pejabat di sini?? Kalo punya langsung katrol nilainya.. busuk!!!",1.47613185467182E+018,0,3,iya,negatif,marah,kritik,kkn,sindiran keras wawancara nepotistik oleh pejabat lama.
tweet,1.47607641140423E+018,,,Wed Dec 29 06:23:35 +0000 2021,1.31910714936084E+018,HaniAngelita,"Kayanya emang udah bertahun2 begini sih. Flashback ikut tes cpns, sampe wawancara dan yg lolos keterima tyt sudah kenal pewawancara, sudah kerja kontrak juga di instansinya.",,0,,iya,negatif,kecewa,cerita,kenalan,cerita lolos wawancara karena kenal pewawancara.
retweet,1.4759012465821E+018,1.47492500729792E+018,"Nilai kami lain dijatuhkan habis-habisan di Wawancara &amp; Micro Teaching, sementara nilai peserta dari internal kampus didongkrak bukan main.

Indikasi Manipulasi Nilai di Seleksi CPNS 2021 [Thread]

cc: @BKNgoid @Kemdikbud_RI @direktoridosen @LowonganDosen @PNS_Ababil https://t.co/psSd1Xgb73",Tue Dec 28 18:47:32 +0000 2021,66630720,McKuncoro,"Kayanya emang udah bertahun2 begini sih. Flashback ikut tes cpns, sampe wawancara dan yg lolos keterima tyt sudah kenal pewawancara, sudah kerja  kontrak juga di instansinya.",,0,,iya,negatif,kecewa,cerita,nepotisme,"duplikasi isi tweet 153, masih soal kenalan pewawancara."
retweet,1.47536505078949E+018,1.47492526528535E+018,"#1 Kenyataan Pahit:

Cerita &amp; data yang saya paparkan di atas sebenarnya tidak unik, alias sudah sering terjadi.

Di Rekrutmen CPNS setiap tahunnya, selalu ada kampus yang membuang talenta baru &amp; kompeten demi mengangkat pegawai tidak tetap yang sudah bekerja di sana lebih dulu.",Mon Dec 27 07:16:53 +0000 2021,40660417,insgnfcntothr,"Saya tiap taun ikut CPNS.
Utk tes2 CAT, yg berbasis komputer, pas kita submit, nilainya muncul, lsg terupload dan terpublish, sulit dimanipulasi.

TAPI...
Ada tes yang ga berbasis komputer, ya kaya wawancara, uji ngajar, dll.
Yg ini nih angkanya ya sesuai keinginan penguji.",,0,,iya,negatif,kritik,kritik,subjektivitas,jelaskan wawancara tak obyektif karena tak terkomputerisasi.
commentar,1.4753439014981E+018,1.4753428527167E+018,"/sm alhamdulillah bersyukur bgt bisa jadi peserta diklat bisa lngsung jadi pns setelah lulus, ternyata tindakan curang bener2 masih bisa terjadi di tes cpns malah banyakan celahnya padal kukira tes cpns dibuat cbt biar gk ada yg bisa curang nyatanya skb nya bisa dicurangin (cont) https://t.co/22dbmehndz",Mon Dec 27 05:52:51 +0000 2021,1.44454094992162E+018,urname167,"@stanmenfess Biasanya yg skbnya wawancara rawan curang, makanya skrg penerimaan cpns pemda gaboleh ada tes wawancara pas skbnya untuk meminimalisir org titipan",1.4753428527167E+018,0,2,iya,negatif,kritik,peringatan,curang,menyebut wawancara skb rawan curang  larangan di pemda.
retweet,1.47526769872034E+018,1.47492500729792E+018,"Nilai kami lain dijatuhkan habis-habisan di Wawancara &amp; Micro Teaching, sementara nilai peserta dari internal kampus didongkrak bukan main.

Indikasi Manipulasi Nilai di Seleksi CPNS 2021 [Thread]

cc: @BKNgoid @Kemdikbud_RI @direktoridosen @LowonganDosen @PNS_Ababil https://t.co/psSd1Xgb73",Mon Dec 27 00:50:03 +0000 2021,84294026,evirilika,Ngalamin ini waktu tes CPNS di taun 2014. Emang harusnya tes wawancara itu dihapuskan sajaaa. Waktu lulus tes 2018 kemarin tidak ada tes wawancara dan semuanya fair ga ada manipulasi2an,,0,1,iya,negatif,kritik,kritik,wawancara,menginginkan penghapusan wawancara karena rawan manipulasi.
tweet,1.47523959424113E+018,,,Sun Dec 26 22:58:22 +0000 2021,347826393,agungheryw,"Penerimaan CPNS Pemda yang mana SKD &amp; SKBnya semua pake CAT, sedangkan pusat masih ada wawancara/tes lain yang melibatkan manusia.

Dari sini dapat disimpulkan bahwa orang pusat lebih netral dan dapat dipercaya dari pada orang daerah, CHUUUAAAKKKKSSS",,0,,iya,negatif,sarkas,kritik,persepsi,sindiran terhadap pusat vs daerah dalam tes wawancara.
tweet,1.4751140930318E+018,,,Sun Dec 26 14:39:40 +0000 2021,1523539206,abuhalid,"Udah berapa kasus penerimaan CPNS yang mana pesertanya ""digagalkan"" di tes wawancara karena pesaingnya adalah orang dalam formasi yang dilamar.",,0,,iya,negatif,kritik,kritik,nepotisme,menyebut banyak peserta gagal karena lawannya â€œorang dalamâ€.
retweet,1.47508961619354E+018,1.47492526528535E+018,"#1 Kenyataan Pahit:

Cerita &amp; data yang saya paparkan di atas sebenarnya tidak unik, alias sudah sering terjadi.

Di Rekrutmen CPNS setiap tahunnya, selalu ada kampus yang membuang talenta baru &amp; kompeten demi mengangkat pegawai tidak tetap yang sudah bekerja di sana lebih dulu.",Sun Dec 26 13:02:24 +0000 2021,1.10011772813476E+018,Ugh__ON,Pelajaran yang didapat jangan terlalu berharap banyak sama tes cpns yang ada sesi wawancara dll. Suka dijadiin mainan sama otak setan soalnya.,,0,,iya,negatif,kritik,peringatan,subjektivitas,mengingatkan wawancara rawan disalahgunakan.
retweet,1.47501195693106E+018,1.47492500729792E+018,"Nilai kami lain dijatuhkan habis-habisan di Wawancara &amp; Micro Teaching, sementara nilai peserta dari internal kampus didongkrak bukan main.

Indikasi Manipulasi Nilai di Seleksi CPNS 2021 [Thread]

cc: @BKNgoid @Kemdikbud_RI @direktoridosen @LowonganDosen @PNS_Ababil https://t.co/psSd1Xgb73",Sun Dec 26 07:53:49 +0000 2021,113582825,f_daneswara,"Penilaian microteaching dan wawancara emang terlalu subyektif sih dan tes CPNS ini seperti ""hanya"" proses melegitimasi dosen-dosen non-PNS di kampus itu agar jadi PNS. Kalau emang udah mentok, saran ambil serdos aja walaupun gak semenjanjikan PNS tapi sama-sama dapet NIDN.",,0,1,iya,negatif,kritik,kritik,subjektivitas,menilai wawancara & microteaching cpns terlalu subjektif dan sarat kepentingan.
commentar,1.47501094816739E+018,1.47492526528535E+018,"#1 Kenyataan Pahit:

Cerita &amp; data yang saya paparkan di atas sebenarnya tidak unik, alias sudah sering terjadi.

Di Rekrutmen CPNS setiap tahunnya, selalu ada kampus yang membuang talenta baru &amp; kompeten demi mengangkat pegawai tidak tetap yang sudah bekerja di sana lebih dulu.",Sun Dec 26 07:49:49 +0000 2021,1260782186,alnashihah,"@alhrkn Dr awal ikut tes CPNS tahun 2019 lalu, saya pribadi langsung curiga dgn sesi wawancara yg sgt subjektif terutama di instansi daerah. Sya sudah berpikir ini pasti ada peluang permainan orng2 dlm mengingat skb jg dr pihak instansi terkait, apalagi wawancaranya sgt bs dimanipulasi",1.47492526528535E+018,5,65,iya,negatif,curiga,kritik,manipulasi,curiga wawancara cpns 2019 rawan permainan orang dalam.
commentar,1.47498238447067E+018,1.47492500729792E+018,"Nilai kami lain dijatuhkan habis-habisan di Wawancara &amp; Micro Teaching, sementara nilai peserta dari internal kampus didongkrak bukan main.

Indikasi Manipulasi Nilai di Seleksi CPNS 2021 [Thread]

cc: @BKNgoid @Kemdikbud_RI @direktoridosen @LowonganDosen @PNS_Ababil https://t.co/psSd1Xgb73",Sun Dec 26 05:56:18 +0000 2021,1069066783,Hasanhamdhani,"@alhrkn @BKNgoid @Kemdikbud_RI @direktoridosen @LowonganDosen @PNS_Ababil Seperti kakak saya yg dialami sekarang ini. SKB CPNS nilai tinggi, tapi dijatuhkan di Wawancara &amp; Micro Teaching cuma dapat nilai 40. Dikarenakan ada dosen non cpns dikampus tersebut yg ikut tes wkwkwk",1.47492500729792E+018,11,32,iya,negatif,kecewa,cerita,nilai,cerita nilai wawancara & microteaching dijatuhkan karena dosen non-cpns ikut tes.
retweet,1.47496075386194E+018,1.47492500729792E+018,"Nilai kami lain dijatuhkan habis-habisan di Wawancara &amp; Micro Teaching, sementara nilai peserta dari internal kampus didongkrak bukan main.

Indikasi Manipulasi Nilai di Seleksi CPNS 2021 [Thread]

cc: @BKNgoid @Kemdikbud_RI @direktoridosen @LowonganDosen @PNS_Ababil https://t.co/psSd1Xgb73",Sun Dec 26 04:30:21 +0000 2021,230015581,taufikdimitri,Wkwk tes cpns udh paling bener jgn ada wawancara dah. Terlalu subjektif,,0,,iya,negatif,tegas,kritik,subjektivitas,seruan agar wawancara dihapus karena terlalu subjektif.
tweet,1.4747729830465E+018,,,Sat Dec 25 16:04:13 +0000 2021,9.68174600516387E+017,lidahgorenkk,mau tes cpns nilai paling tinggi kalo udh tinggal 3 org buat wawancara km bukan titipan ya bye sih,,0,,iya,negatif,frustrasi,keluhan,nepotisme,menilai yang bukan titipan akan gugur di tahap wawancara.
retweet,1.47257491174277E+018,1.47252721582895E+018,"Ada lah ya pasti orang orang yang nekat resign sebelum dpt kerjaan baru karena udah engap bgt ama kantor/atasan/kerjannya.

Nah buat yg pernah di kondisi seperti ini dari resign sampai dpt kerjaan baru lagi butuh waktu berapa bulan? Gimana sensasinya? Wkwk

#EsokHariPastiResign",Sun Dec 19 14:29:52 +0000 2021,2342407892,navayagc,"Atasannya abuse of power ğŸ™ƒğŸ™„ abis resign sempet freelance project di beberapa konsultan kalo lagi pengen aja, sisanya traveling, tidur, lakuin hobi, iseng ikut tes S2 dan cpns. Tes S2 gagal di wawancara akhir, cpns gagal di tahap 2.
9bln setelah resign baru kerja full time lagi.",,0,,iya,negatif,kecewa,cerita,gagal,cerita gagal di wawancara cpns dan s2.
tweet,1.46768066374253E+018,,,Mon Dec 06 02:21:53 +0000 2021,220572943,rastyans,"@BKNgoid Halo Admin selamat pagi, saya mau memberitahukan kalau di jadwal untuk wawancara tes CPNS besok di UNDANA, nama peserta yang dimasukkan adalah nama peserta Universitas Aceh Barat, mohon segera di cek untuk dilakukan perubahan data ya min, terimakasih.",,0,,iya,negatif,tegas,laporan,kesalahan,laporkan salah input nama peserta wawancara cpns.
commentar,1.46509933224849E+018,1.46434394958623E+018,@bwarmed Kaan pemerintah  pengerekrutan pegawai BUMN dilaksanakan  seperti CPNS  yang transparan.,Sun Nov 28 23:24:35 +0000 2021,1.0788666260684E+018,fachruddinMsd,@bwarmed # Kapan  pemerintah  melaksanakan pengrekrutan Karyawan BUMN  dengan sistim CAT seperti CPNS  yang transparan ( nilai)  dan menghilangkan tes wawancara  yang berpotensi KKN. Monggo Pak presiden dan Pak DPRRI  yang terhormat,1.46434394958623E+018,1,1,iya,negatif,kritik,usulan,bumn,usul rekrut bumn pakai cat & hapus wawancara (rawan kkn).
tweet,1.46458331488331E+018,,,Sat Nov 27 13:14:07 +0000 2021,1.0788666260684E+018,fachruddinMsd,@jokowi Demi memajukan BUMN perlu  tes pengrekrutan   sistim CAT  dan nilai  transparan seperti   CPNS. Hilangkan tes wawancara. Yg hanya pilih KKN. Hasil yg murni  dapat memajukan BUMN.,,0,,iya,negatif,kritik,usulan,bumn,"dorong bumn transparan seperti cpns, hilangkan wawancara."
tweet,1.46458212362546E+018,,,Sat Nov 27 13:09:23 +0000 2021,1.0788666260684E+018,fachruddinMsd,@jokowi   pencari kerja  mengharap  kepada  bpk  jokowi. Dalam pengrekrutan  karyawan BUMN di lakukan seperti  CPNS  yang transparan  nilainya.  Dan menghapus  tes  wawancara  yang  membuat KKN. Dan sebagai  alasan tidak diterima  klo bukan KKN,,0,,iya,negatif,kritik,usulan,bumn,keluhan wawancara pemicu kkn  minta transparansi ala cpns.
commentar,1.46373007311513E+018,1.46372538355184E+018,"Pengumuman pelaksanaan SKB CPNS MA Tahun 2021 dapat dilihat pada tautan berikut:

https://t.co/38kjAMAQTD

*Informasi pembagian sesi masing-peserta akan disampaikan pada pengumuman berikutnya""",Thu Nov 25 04:43:38 +0000 2021,1.42765115368095E+018,Halosobatku,"@CPNS_MA_RI Min apa tidak dipertimbangkan lg ada tilok yg tesnya baru mulai tgl 5 Desember sementara tilok lain tgl 27 sudah mulai tes. Belum lagi ada pembedaan jadwal wawancara. Ini kaitan dg mental peserta juga min, ada pula yang luar Jawa akomodasinya sulit tp dapat tes tgl 27",1.46372538355184E+018,0,8,iya,negatif,cemas,keluhan,jadwal,keluhkan ketimpangan jadwal wawancara antar tilok.
commentar,1.45533744375485E+018,1.45503841962979E+018,,Tue Nov 02 00:54:20 +0000 2021,8.16308229281956E+017,letey_meow,"@txtdaridgmbk @BKNgoid Curhat, saya salah satu peserta tes cpns 2018, 2019, dan 2021. 2 th g lulus ğŸ˜‚ skb. Th lalu, skd nilai tertinggi, dan psikotes nilai tertinggi, giliran wawancara, ğŸ˜‚ğŸ¤­ nilai anjlok serendah2nya. Endingnya yg rangking 3 yg lulus. Yg kaya begini aga cuma saya doank. Ini ttg skb.",1.45503841962979E+018,0,1,iya,negatif,kecewa,curhat,nilai,curhat nilai wawancara anjlok meski nilai lain tinggi.
commentar,1.43341781289096E+018,1.43341730818191E+018,,Thu Sep 02 13:13:32 +0000 2021,341164262,taminurul1_,@aufasalsabilla nah ini seharusnya ada tes kejiwaan sekalian kalo cpns tesnya panjang bahkan saat wawancara lah ini orang sakit jiwa bisa lolos,1.43341730818191E+018,0,,iya,negatif,kritik,kritik,seleksi,kritik peserta tak layak bisa lolos karena kurang tes kejiwaan & wawancara.
commentar,1.42098766119653E+018,1.42075637563892E+018,krna mantu idaman bukan lagi pns tpi admin akun shitpost https://t.co/R11zzB5oLe,Fri Jul 30 06:00:33 +0000 2021,765962598,wahab_haphap,@txtdrimedia Tes CPNS dgn sistem CAT skrg udah sulit dr kecurangan. Klopun curang ttep hrus lolos skd biasa ada yg mensyratkn tes wawancara ini yg pling bisa disalah gunakn. Smoga tes Polri/TNI jg bisa lbih transparan untuk mnhibdri sogok.,1.42075637563892E+018,0,,iya,negatif,waspada,kritik,kecurangan,menyebut wawancara rawan disalahgunakan.
commentar,1.41838023356091E+018,1.41837312491609E+018,"@BEMUI_Official Jadi buat kalian yg pada daftar CPNS tahun ini jangan kecil HATI ya, BKN aja bisa menyimpang atas TWK KPK.",Fri Jul 23 01:19:34 +0000 2021,1.34938845356205E+018,JamhurJamhur2,"@ring1___ @BEMUI_Official Tes SKD dan SKB CPNS kan menggunakan CAT jd benar2 murni menggunakan kemampuan perorangan, dan soal yg diberikan normal aja, ada live YouTubenya sehingga segera tau lulus atau tdk. Smntr Tes TWK KPK ini kan dg wawancara dan sudah awam kt ketahui, menyasar dg niat menyingkirkan",1.41837312491609E+018,0,1,iya,negatif,kritik,kritik,twk,bandingkan cat cpns objektif vs wawancara twk kpk subjektif.
tweet,1.41495105721875E+018,,,Tue Jul 13 14:13:15 +0000 2021,960773334,miskiy28,"Mau cerita waktu tes cpns.

Waktu lulus sma dulu, pernah ikut tes cpns, sdh lulus semua, eh pas wawancara ditanya ""ada keluarga/saudara/kenalan yg jd pns ga?"" Aduh, Aku ga punya. Akhirnya ga lulus.

Stl lulus D3, ikut tes cpns lg, ga lulus lagi. Temen2 sekelasku pd lulus, iri aku",,0,2,iya,negatif,kecewa,cerita,nepotisme,cerita gagal wawancara karena tak punya keluarga pns.
tweet,1.41062665065656E+018,,,Thu Jul 01 15:49:36 +0000 2021,24526332,powerrangersdd,Cm mo bilang: baca pengalaman org tes cpns bappenas sudah cukup melelahkan buatku. Oh wow skd lalu skb lalu tpa (565 what) lalu tes psiko (fgd rekom/pertinbangan/TDR what) lalu wawancara (presentasi what),,0,,iya,negatif,lelah,refleksi,proses,komentar panjangnya tahapan cpns termasuk wawancara.
commentar,1.39972768831148E+018,1.3997276477233E+018,"@termos_panas @ismailfahmi @Generasi_MudaNU TNI bukan PNS mas, bukan ASN juga. Jadi nggak apple to apple juga membandingkan tes KPK (ASN) dengan TNI.",Tue Jun 01 14:01:01 +0000 2021,1.39540326201931E+018,SambatanUmbi,"@termos_panas @ismailfahmi @Generasi_MudaNU Titik kritisnya di wawancara Mas, sebagus apapun tes tertulis Anda, bisa dimentahkan dengan wawancara. Ada beberapa kasus yg terjadi di seleksi cpns demikian. Peringkat 1 tes SKD dalam formasi, namun gagal karena wawancara diberi nilai kecil yang tidak wajar.",1.3997276477233E+018,0,1,iya,negatif,kecewa,kritik,subjektivitas,sorot kasus gagal karena nilai wawancara kecil tak wajar.
commentar,1.39972249009252E+018,1.39972207580434E+018,"@termos_panas @ismailfahmi @Generasi_MudaNU Tes cpns TWKnya pilihan ganda mas. Kunci jawabannya jelas mana yg benar mana yg salah. Pelaksanaannya juga melalui CAT, online, pake komputer bukan wawancara.",Tue Jun 01 13:40:21 +0000 2021,1.39540326201931E+018,SambatanUmbi,"@termos_panas @ismailfahmi @Generasi_MudaNU Wawancara itu penuh unsur subjektivitas mas. Darimana kita yakin penilaian pewawancara atas jawaban kita tidak bias. Bahkan di seleksi cpns sendiri, tes wawancara masih jadi celah utama kolusi dari tahun ke tahun.",1.39972207580434E+018,1,1,iya,negatif,curiga,kritik,kolusi,wawancara dinilai bias & celah kolusi.
retweet,1.39861058589429E+018,1.3985380135846E+018,,Sat May 29 12:02:03 +0000 2021,98792669,hidayatulhf,Wawancara tes cpns saja pertanyaanya tidak sebodoh itu.,,0,,iya,negatif,skeptis,kritik,pertanyaan,menilai pertanyaan wawancara cpns tak sebodoh isu.
commentar,1.39427189537829E+018,1.39424126173789E+018,"KPK harus memiliki sumber daya manusia terbaik dan berkomitmen tinggi dalam upaya pemberantasan korupsi. 

Pengalihan status pegawai KPK menjadi ASN harus menjadi bagian dari upaya untuk pemberantasan korupsi yang lebih sistematis.",Mon May 17 12:41:38 +0000 2021,1.12281121729311E+018,gulo_pasir,"@jokowi WOI GW THN KMRN GAGAL CPNS GARA2 TES WAWANCARA WAWANSAN KEBANGSAAN YG PERTANYAANNYA GA JELAS, PENILAIAN SUKA2 PEWAWANCARA. KLO YG NANYA GW TERNYATA GOLONGAN KADRUN SIAPA YG TANGGUNG JWB? PADAHAL KURANG NASIONALIS APA GW. 

MASAK ADA PERTANYAAN KLO PILKADA ADA CALON NON MUSLIM GMN",1.39424126173789E+018,0,,iya,negatif,marah,protes,twk,protes gagal karena wawancara twk yang dianggap subjektif.
commentar,1.39427163714336E+018,1.39424125785821E+018,"Saya berpendapat, hasil tes wawasan kebangsaan terhadap pegawai KPK, hendaknya tidak serta-merta jadi dasar untuk memberhentikan 75 pegawai yang dinyatakan tidak lulus tes. 

Kalau ada kekurangan, tentu bisa diperbaiki melalui pendidikan kedinasan tentang wawasan kebangsaan. https://t.co/rntwzBZF6V",Mon May 17 12:40:37 +0000 2021,1.12281121729311E+018,gulo_pasir,"@jokowi WOI GW THN KMRN GAGAL CPNS GARA2 TES WAWANCARA WAWANSAN KEBANGSAAN YG PERTANYAANNYA GA JELAS, PENILAIAN SUKA2 PEWAWANCARA. KLO YG NANYA GW TERNYATA GOLONGAN KADRUN SIAPA YG TANGGUNG JWB? PADAHAL KURANG NASIONALIS APA GW. 

MASAK ADA PERTANYAAN KLO PILKADA ADA CALON NON MUSLIM GMN",1.39424125785821E+018,0,,iya,negatif,marah,protes,twk,duplikasi protes soal wawancara twk.
retweet,1.39393987637493E+018,1.39388967181862E+018,"SIARAN PERS
Polemik Tes Wawasan Kebangsaan
74 Guru Besar Antikorupsi Meminta Keputusan Pemberhentian 75 Pegawai KPK Dibatalkan

*bacalah https://t.co/DtYElvIhL2",Sun May 16 14:42:19 +0000 2021,123150908,_bje,"Terkait TWK ini, ada kawan yang ngotot menyamakan dengan TWK dalam CAT normal CPNS, sehingga dg polos menganggap ini pure apa adanya. Kita harus tau, TWK ini dilakukan via wawancara, sebuah tes yang rawan kepentingan!",,0,,iya,negatif,kritik,opini,twk,sorot twk via wawancara rawan kepentingan.
tweet,1.39101814631259E+018,,,Sat May 08 13:12:24 +0000 2021,128893005,yantokantok,"Pertanyaan pertanyaan diskriminatif sebenarnya bukanlah hal baru di dunia seleksi institusi yg dikelola pemerintah Indonesia. Mulai dari tes LPDP, wawancara SKB CPNS, Tes dosen, wawancara BUMN. Entah kenapa baru sekarang aja naik menjadi perhatian..

https://t.co/EeIxuvgeBt",,0,,iya,negatif,kritik,opini,diskriminatif,soroti pertanyaan diskriminatif di wawancara cpns & seleksi lain.
retweet,1.39055389869634E+018,1.39051951617877E+018,"Materi test kebangsaan pegawai @KPK_RI masalah sangat serius. 
Ini harus dibuka dan harus ada yg bertanggung jawab.
Jika ini didiamkan, sangat potensial menyebabkan perpecahan bangsa",Fri May 07 06:27:39 +0000 2021,1.27446637740379E+018,YusufHs17,bgmn nnt dg tes cpns sapa sj yg bisa masuk dn diterima krn tes wawancara bs sngt subyektif,,0,,iya,negatif,cemas,kritik,subjektivitas,kekhawatiran cpns jadi tidak objektif karena wawancara subjektif.
tweet,1.37763790081318E+018,,,Thu Apr 01 15:04:05 +0000 2021,1.360229751454E+018,Tita08578559,"Salam dr S.Pd yg nganggur 1 thn, tes cpns cm smpe skb, Apply loker cm smpe wawancara, mau ngajar ga ada ank sekolah msh dring",,0,,iya,negatif,sedih,curhat,gagal,cerita gagal cpns dan wawancara kerja.
commentar,1.37063434697391E+018,1.37062154774495E+018,"Bener ga sih kalau masuk pe en es sekarang tesnya murni, ga ada main bayar2 lagi? @PNS_Ababil",Sat Mar 13 07:14:28 +0000 2021,499550507,ibnuuazmi,"@sherrrinn @PNS_Ababil 2017 ikut tes cpns di kementrian, sampai tahap wawancara akhir masih stay di rangking 30an (yg keterima 39org). Eh pas abis wawancara nyungsep ke rangking 50-an padahal secara nilai termasuk ga mgkn terjun bebas.",1.37062154774495E+018,0,,iya,negatif,kecewa,curhat,nilai,keluhan nilai jatuh drastis setelah wawancara.
commentar,1.33590647168339E+018,1.33590347091473E+018,"@hrdbacot @PNS_Ababil Klo dia di startup programmer , lalu milih PNS , justru keuntungan ganda, karena bisa Nyambi kerjaan lain wkwk",Mon Dec 07 11:18:17 +0000 2020,180279869,TamagoFake,"@hahardyan @PNS_Ababil @hrdbacot jangan ketahuan bos aja, ntar waktu tes cpns wawancara pura pura ga paham aja ntar jd beban",1.33590347091473E+018,0,14,iya,negatif,lucu,candaan,wawancara,candaan pura-pura bodoh saat wawancara cpns.
retweet,1.32535554867444E+018,1.32421081016026E+018,"Kritik/saran dari #SobatBKN juga menjadi bahan referensi BKN untuk memperbaiki kinerja, menjaga kualitas dan transparansi penyelenggaraan seleksi CPNS. Karena BKN menyakini proses rekrutmen yang benar melahirkan generasi ASN yang bersinar.",Sun Nov 08 08:32:41 +0000 2020,1.31702870968615E+018,samgar60305378,"seleksi cpns dosen 2019 di kemndikbud berpeluang kolusi dan nepo, terutam pada jensi tes SKB, yg pakai CBT, wawancara dan praktek mengajar",,0,1,iya,negatif,kritik,opini,kolusi,tuduh seleksi cpns dosen rawan kolusi pada skb & wawancara.
commentar,1.32339290012262E+018,1.32322288687051E+018,"#SobatBKN, bbrp waktu lalu Mimin udah share link Buku Petunjuk Pengisian DRH &amp; Sanggah Hasil SKB SSCN 2019, tp kok msh ada yg tanya lagi ya.
Nah mumpung masa sanggah masih ada, berikut mimin share lagi infonya ya
scroll up k atas kalo mau dpt link buku petunjuknya
ayo semangadğŸ’ª https://t.co/v2BvCMLk8t",Mon Nov 02 22:33:49 +0000 2020,1.31702870968615E+018,samgar60305378,"@BKNgoid masukan tuk BKN, seleksi cpns dengan jenis wawancara atw pun praktek sebaikx dihapus karena berpotensi suyektif dlam penilaian. ada peserta yg NB adalh sudahDosen pada tes CAT SKB  perguruan tinggi komptensi Tri dhrma sangat rendah tetpi wawancara dan praktek nilainya 98 dan  100",1.32322288687051E+018,0,,iya,negatif,kritik,usulan,subjektivitas,saran hapus wawancara/praktik karena nilai tidak objektif.
commentar,1.32290147144518E+018,1.32287614653544E+018,ğŸ¤£ğŸ¤£ğŸ¤£,Sun Nov 01 14:01:03 +0000 2020,319943054,auraraa,"@NajwaShihab Mba Najwa ini ada isu yg lagi hangat, mengenai hasil tes CPNS dosen Unhalu yg sgt janggal. hampir semua nilai tes wawancara peserta lulus dan tidak sgt jomplang 0 vs 100. Pdahal yg diberi 0 hadir dn mengikuti dgn baik. https://t.co/zBwbezff75",1.32287614653544E+018,4,23,iya,negatif,kritik,opini,nilai,keluhan nilai 0 vs 100 pada wawancara cpns unhalu.
tweet,1.30610562971552E+018,,,Wed Sep 16 05:40:23 +0000 2020,1409353772,Vijeh27,"Computer assisted test (CAT), tes potensi akademik, tes praktik kerja, tes bahasa asing, tes fisik atau kesamaptaan, psikotes, tes kesehatan jiwa, dan/atau wawancara.

Ahhh ribetnya SKB CPNS ğŸ˜£",,0,,iya,negatif,lelah,keluhan,skb,menyebut banyak komponen skb termasuk wawancara  terasa ribet.
commentar,1.3038751007777E+018,1.30300832383537E+018,"@BKNgoid Kpd Yth. Pembuat kebijakan di BKN... usul, SKB CAT sprti tahun ini d evaluasi aja,min. Utk tahun 2021. SKB di serahkan kewenangan kpd instansi terkait. Entah mereka dgn metode wawancara,praktek kerja,dll. Karena mereka yg lbh tau kualifikasi kompetensi calon ASN mereka.",Thu Sep 10 01:57:03 +0000 2020,1.29862948091573E+018,ugitoto,"@WawanSa06402278 @BKNgoid Bukannya SKB tahun ini sempurna, tapi wawancara dan praktik kerja lebih rentan akan kecurangan. Tes CPNS beralih ke CAT agar tes menjadi terpusat dan pergerakan oknum2 yang mencoba bermain menjadi terbatas yang biasanya ada di tes wawancara dan praktik kerja.",1.30300832383537E+018,0,15,iya,negatif,kritik,kritik,subjektivitas,soroti potensi kecurangan pada tahap wawancara & praktik kerja.
tweet,1.2897939695477E+018,,,Sun Aug 02 05:23:40 +0000 2020,960773334,miskiy28,"@aiyuwidei @PNS_Ababil Dulu, waktu msh tes cpns nya tertulis plus wawancara, 2Ã— daftar, ga lulus. Krn pas wawancara ditanya ""Ada keluarga, kerabat, kenalan yg PNS jg?"" Waktu kujawab gaada, wassalam itu cpns ya.

Terakhir daftar CPNS, pake CAT, score lgsg keluar, lulus dong, pun dg nilai 10 tertinggi ğŸ’ª",,1,1,iya,negatif,kecewa,cerita,nepotisme,cerita gagal wawancara karena tak punya keluarga pns  puji sistem cat.
commentar,1.2875532202571E+018,1.28657246872384E+018,"Ada apa Jakarta?
https://t.co/Wfwr0qUkVa",Mon Jul 27 00:59:43 +0000 2020,1.24451326781426E+018,politkuskaleng,"@aniesbaswedan Yth.Pak Anies @aniesbaswedan &amp; Pemprov DKI @DKIJakarta , apakah di proses penerimaan CPNS DKI ada tes wawancara untuk penentuan terakhir? jika ada itu bisa menjadi ""celah"" u/ ""peserta titipan"" &amp; oknum calo cpns bermain. krn nilai wawancara bisa saja subyektif. trmksh cc @BKNgoid",1.28657246872384E+018,0,,iya,negatif,waspada,kritik,celah,peringatkan wawancara dki bisa jadi celah titipan/calo.
commentar,1.27726004369234E+018,1.27725716959166E+018,"Drop cerita lucu, unik, aneh atau ngeselin tentang pengalaman onlen interview kalian dong, boleh ceritain  diri sendiri maupun kandidat.

Kalo mincot pernah interview kandidat g pake headset, dia zoom nya by phone, webcamnya ke hidung, selama interview cuma liat bulu hidung ajah.",Sun Jun 28 15:18:19 +0000 2020,1.16563887711508E+018,cekpinnedtwit,"@hrdbacot Baru mggu lalu. Ya ampun wawancara online pertanyaannya tu susahhh, kyak tes cpns. Tp kn cpns ada pilihan gandanya. Lhaa ini soalnya di dektein trs uraiannnn. Ak pikir tes wawancra biasa trnya ada twk juga itungan jg dan uraian keliaran oon ny dah pokoknya ngerjain smbil diliatin",1.27725716959166E+018,0,2,iya,negatif,canggung,cerita,kesulitan,cerita wawancara online susah seperti tes cpns.
commentar,1.27241534666682E+018,1.27234018569545E+018,"Ada yg lebih nyesek ga min perjalanan mencari kerja nya? @hrdbacot 

- sebuah utas - https://t.co/vTj9ad8Rkv",Mon Jun 15 06:27:13 +0000 2020,1.14013998181547E+018,giveyouabell,"@imambdn11 @hrdbacot Wah seneng bgt bacanya, mudah2an saya juga bisa begitu segera
Saya berkali2 ikut bumn ga lolos pas wawancara, tes cpns 3kali msh gagal di skb, sampe skrg belum nemu bagian dimana bisa berkata ""akhirnya""",1.27234018569545E+018,2,9,iya,negatif,sedih,curhat,kegagalan,cerita gagal di wawancara & skb cpns.
retweet,1.25191131785989E+018,1.25169715595106E+018,PNS LIPI sungguh berbeda https://t.co/TQbC94fWyL,Sun Apr 19 16:31:32 +0000 2020,94036713,ratriic,Dulu tes cpns pernah sampe tahap wawancara akhir di LIPI... dan gagal... ğŸ˜‚,,0,,iya,negatif,sedih,curhat,kegagalan,cerita gagal di wawancara akhir lipi.
commentar,1.22348197129413E+018,1.22348093121574E+018,Me describe my future: https://t.co/UO6xIPOjLL,Sat Feb 01 05:43:27 +0000 2020,77684045,kucingtawur,Describe apaan kek gini dasar u nga lulus tes wawancara cpns u,1.22348093121574E+018,0,,iya,negatif,ejekan,sindiran,kegagalan,ejek seseorang gagal wawancara cpns.
commentar,1.21188973668554E+018,1.21168590248285E+018,"""Nantinya barang bukti kondom sitaan ini akan dikembalikan lagi ke toko yang bersangkutan, setelah Tahun Baru selesai,"" tutur Pagar. https://t.co/IeQNSb4Frq",Tue Dec 31 06:00:03 +0000 2019,108932933,ariefchristian,"@detikcom Inilah apabila penerimaan CPNS tes wawancara nya di skip, tes soalnya pilihan ganda....wkwkwkwkwk...goblok bermasyarakat",1.21168590248285E+018,0,,iya,negatif,sarkastik,kritik,tes,sindiran cpns tanpa wawancara dianggap buruk.
tweet,1.20005950329666E+018,,,Thu Nov 28 14:30:56 +0000 2019,2563494697,nuriiiin_91,Sampe saat ini gw cuma pengen tahu gmn cara pemerintah buat ngesortir CPNS mana yg LGBT mana yg lurus... surat pernyataan? Tes kesehatan? Tes psikologi? Wawancara?,,0,,iya,negatif,sarkastik,kritik,diskriminasi,pertanyakan cara sortir lgbt via wawancara.
tweet,1.19969289196829E+018,,,Wed Nov 27 14:14:09 +0000 2019,72274016,MataNajwa,"""Ketika tes wawancara di tahun pertama ikut CPNS, saya ditanya mengenai nama saya yang identik dengan orang Tionghoa,"" Kata Pelamar CPNS @a_diss #MataNajwaApaEnaknyaJadiPNS",,10,52,iya,negatif,kecewa,cerita,diskriminasi,cerita ditanya etnis saat wawancara cpns.
retweet,1.198768761077E+018,1.19857115281522E+018,"Mengunjungi Desa Gamcheon -- Machu Picchu-nya Busan -- siang tadi. Dulu, Gamcheon adalah kampung kumuh. Letaknya di lereng gunung yang curam. 

Lalu, desa ini berbenah, ditata, diberdayakan. Jadilah Gamcheon Culture Village tujuan wisata yang ramai.

Patut jadi inspirasi. https://t.co/sWMMO8bCPG",Mon Nov 25 01:01:59 +0000 2019,1.15147881940181E+018,LigerPlero,"Rekrukmen CPNS Kemenkumham dalam tes kesemaptaan,wawancara,penempatan tempat tugas CPNS syarat KKN,promosi jabatan esalon V,III,II,Kemenkumhan syarat KKN,jika tdk bisa di perbaiki maka bangsa ini tdk ada yg benar,politik tipu2 rakyat......",,0,,iya,negatif,kritik,opini,kkn,menuding wawancara & penempatan rawan kkn.
retweet,1.19390106817587E+018,1.19388439528473E+018,CPNS yang berpotensi radikalisme tidak akan diluluskan ketika proses wawancara. https://t.co/jngIUv5sBB,Mon Nov 11 14:39:30 +0000 2019,8.73018044896825E+017,Mu7IRiN_070480,"Jangan pake alasan tes wawancara lah.
Bilang saja jika tes CPNS dilakukan dgn cara2 murni sprti beberapa tahun sebelum ini maka para pemilik kekuasaan di tdk lg bisa nitip2 org2 dekatnya utk lolos jdi PNS.ğŸ˜",,0,,iya,negatif,kritik,opini,kkn,kritik bahwa wawancara bisa dipakai titipan.
commentar,1.19087929522212E+018,1.19084836373587E+018,@fsyadiah @firstyKS Makna surat al waqiah teh buat apa dilll? Benerannn?,Sun Nov 03 06:32:04 +0000 2019,1098383449,fsyadiah,"@NisaaFitriaa @firstyKS Aku lupa buat apa tepatnya. Tp waktu cpns kmrin sblm brgkt tes skd aku baca ini sehabis subuh, alhamdulillah soal2 skd ga ada yg ngajak ribut. Cuma pas tes wawancara fikiran lg ga fokus jd ga lolos :(",1.19084836373587E+018,0,,iya,negatif,kecewa,cerita,gagal,cerita gagal karena tidak fokus saat wawancara.
commentar,1.17396447740798E+018,1.17395200391702E+018,"Kamu kemana saja? KPK sudah tangkap Setya Novanto, Rommy, dll. Dan KPK saat ini sedang mengusut anak petinggi partai dalam kasus impor bawang putih. Itulah salah satu sebab revisi dikebut seperti orang kalap.",Tue Sep 17 14:18:37 +0000 2019,7.38705563312263E+017,alialatas00,"@PartaiSocmed Sekarang jabatan politis berjaya,lihat perjuangan para pegawai KPK memperjuangkan idealis dan profesionalitas mengharukan.
Jadi dewan g perlu kuliah cumlaude gk perlu tes CPNS wawancara dll,masuk partai jd anggota dewan,kalo Deket petinggi bs dpt dirjen minimal eselon 1.",1.17395200391702E+018,0,,iya,negatif,kritik,opini,politik,kritik jabatan politik tak perlu tes cpns /wawancara.
commentar,1.15286753516067E+018,1.15283856181874E+018,,Sun Jul 21 09:06:54 +0000 2019,9.65925672479674E+017,antariksakh,"@terriyunus tp di kampus tadi emg sistemnya banyak inbreeding sih. seleksi cpns di kemristekdikti pun jg ada unsur2 yg bisa dibuat subjektif, yaitu tes ngajar dan wawancara. dan selama ini yg lolos2 di situ jg bisa diprediksi kok wqwqw",1.15283856181874E+018,1,1,iya,negatif,kritik,analisis,subjektivitas,menyoroti seleksi cpns kemristekdikti yang masih bisa subjektif di tes ngajar & wawancara.
commentar,1.13253037833221E+018,1.13251527309169E+018,"CC Bambang Widjojanto. Ayo, tuips..yg punya cerita kesaksian langsung ttg pemilu2 zaman Orba yg (kata BW) lebih baik dr pemilu 2019. Nanti saya RT",Sun May 26 06:14:18 +0000 2019,9.1395593065549E+017,fvckyuall,"@budimandjatmiko Guru sejarah saya waktu tes CPNS masa itu, waktu tes wawancara ditanya ""bagaimana pandangan politik anda?"" Yang kemudian dijawab dengan dukungan thdp Golkar dan apresiasi thdp lembaga2 bentukan Cendana. Langsung lulus wkwk.",1.13251527309169E+018,0,1,iya,negatif,sarkastik,cerita,politik,"cerita wawancara cpns dengan pertanyaan politik, menyinggung bias ideologis."
commentar,1.13252977648314E+018,1.13252878723556E+018,"@budimandjatmiko Tahun 80-an bapakku tes bikin SIM di masa pemilu. Smua pertanyaan tes tertulis dia jawab, â€œSaya pilih Golkar.â€ Every. Single. Question. He knew nothing about driving, perantau remaja tanpa uang. Bikin SIM biar bisa jadi supir.

He got the license and is always proud of that trick",Sun May 26 06:11:54 +0000 2019,9.1395593065549E+017,fvckyuall,"@MatahariMei @budimandjatmiko Guru sejarah SMA saya malahan... waktu seleksi CPNS saat itu, di tes wawancara ada ditanya ""bagaimana pandangan politik anda"" yang kemudian di jawab dengan dukungan terhadap Golkar dan apresiasi thdp lembaga2 bentukan Cendana. Langsung lulus dong wkwk",1.13252878723556E+018,0,1,iya,negatif,sarkastik,cerita,politik,"cerita serupa wawancara cpns soal pandangan politik, indikasi nepotisme."
commentar,1.10891921684804E+018,1.10878333492927E+018,"Penjelasan saya di ILC TV One Selasa, 19 Maret 2019, msh terus menjadi diskusi. Ada yg salah paham, misalnya, mengatakan saya menggebyah-uyah bahwa di UIN/IAIN se Indonesia ada jual beli jabatan rektor. Bg  yg salah paham sebaiknya ditonton lg di youtube seluruh statement sy itu.",Fri Mar 22 02:31:58 +0000 2019,9.84897187770319E+017,BJWirawan,"@mohmahfudmd Tes wawancara cpns di kementrian kemenag banyak yg dapet nilai 0, tolong di telisik pak",1.10878333492927E+018,0,,iya,negatif,marah,kritik,nilai,minta mahfud md menelisik banyak nilai wawancara cpns kemenag yang 0.
commentar,1.10863915944539E+018,1.10863058747503E+018,,Thu Mar 21 07:59:07 +0000 2019,9.40963743550153E+017,nmatdkblehksong,"@eae18 Tes cpns kemenag tes wawancara kalau pakai qunut lolos kalau gak pakai qunut tidak lolos, urusan mencari kerja jadi menjadi urusan kamu Muhammadiyah atau Nu , kalau Nu lolos kalau Muhammadiyah ndak lolos, sangat sangat tidak relevan",1.10863058747503E+018,16,59,iya,negatif,kritik,protes,diskriminasi,menuduh wawancara kemenag bias agama (nu vs muhammadiyah).
commentar,1.10759872504667E+018,1.10758129903056E+018,"Dear Pencinta ILC: diskusi kita Selasa Pkl 20.00 besok berjudul,  ""OTT Romy, Ketua Umum PPP: Dagang Jabatan di Kementrian Agama?"". Selamat menyaksikan. #ILCOTTRomy",Mon Mar 18 11:04:48 +0000 2019,62266599,mordenwedz,@karniilyas Kemenag memang aneh pak @karniilyas. Penerimaan cpns terakhir contohnya. Instansi lain tes kedua menggunakan CAT kemenag berbeda sendiri menggunakan wawancara. Sangat berpotensi trjadi kecurangan.,1.10758129903056E+018,0,1,iya,negatif,kritik,analisis,sistem,menilai sistem wawancara kemenag berbeda & rawan kecurangan.
